BaciaCodigo,SubBaciaCodigo,RioCodigo,RioNome,EstadoCodigo,nmEstado,MunicipioCodigo,nmMunicipio,ResponsavelCodigo,ResponsavelSigla,ResponsavelUnidade,ResponsavelJurisdicao,OperadoraCodigo,OperadoraSigla,OperadoraUnidade,OperadoraSubUnidade,TipoEstacao,Codigo,Nome,CodigoAdicional,Latitude,Longitude,Altitude,AreaDrenagem,TipoEstacaoEscala,TipoEstacaoRegistradorNivel,TipoEstacaoDescLiquida,TipoEstacaoSedimentos,TipoEstacaoQualAgua,TipoEstacaoPluviometro,TipoEstacaoRegistradorChuva,TipoEstacaoTanqueEvapo,TipoEstacaoClimatologica,TipoEstacaoPiezometria,TipoEstacaoTelemetrica,PeriodoEscalaInicio,PeriodoEscalaFim,PeriodoRegistradorNivelInicio,PeriodoRegistradorNivelFim,PeriodoDescLiquidaInicio,PeriodoDescLiquidaFim,PeriodoSedimentosInicio,PeriodoSedimentosFim,PeriodoQualAguaInicio,PeriodoQualAguaFim,PeriodoPluviometroInicio,PeriodoPluviometroFim,PeriodoRegistradorChuvaInicio,PeriodoRegistradorChuvaFim,PeriodoTanqueEvapoInicio,PeriodoTanqueEvapoFim,PeriodoClimatologicaInicio,PeriodoClimatologicaFim,PeriodoPiezometriaInicio,PeriodoPiezometriaFim,PeriodoTelemetricaInicio,PeriodoTelemetricaFim,TipoRedeBasica,TipoRedeEnergetica,TipoRedeNavegacao,TipoRedeCursoDagua,TipoRedeEstrategica,TipoRedeCaptacao,TipoRedeSedimentos,TipoRedeQualAgua,TipoRedeClasseVazao,UltimaAtualizacao,Operando,Descricao,NumImagens,DataIns,DataAlt
6,65,65100000,RIO IGUAÇU,22,PARANÁ,22257000,SÃO MATEUS DO SUL,52,IAT-PR,,,52,IAT-PR,,,1,65060000,SÃO MATEUS DO SUL,,-25.8758,-50.3897,745,6050,0,0,0,0,1,0,0,0,0,0,0,1930-05-01 00:00:00,2016-12-01 00:00:00,,,1930-05-01 00:00:00,2016-12-01 00:00:00,1982-01-01 00:00:00,2016-12-01 00:00:00,1977-02-01 00:00:00,,,,,,,,,,,,,,0,0,0,2,0,7,0,3,1,2018-08-13 00:00:00,1,RNQA_PR-8428-I-3,0,,2018-08-13 00:00:00
6,65,65100000,RIO IGUAÇU,22,PARANÁ,22257000,SÃO MATEUS DO SUL,28,COPEL,,,28,COPEL,,1,1,65060001,UHE GOV. NEY AMINTHAS SÃO MATEUS DO SUL,,-25.8756,-50.3894,760,6050,1,0,1,1,0,0,0,0,0,0,1,1930-05-01 00:00:00,,,,1930-05-01 00:00:00,,2015-01-01 00:00:00,,,,,,,,,,,,,,1997-06-01 00:00:00,,0,1,0,2,0,6,0,0,1,2015-06-15 00:00:00,1,RES. ANA/ANEEL N. 0,0,,2015-06-15 00:00:00
6,65,65120000,RIO NEGRO,23,SANTA CATARINA,22003000,AGUDOS DO SUL,1,ANA,27,1,1,ANA,,,1,65085000,BATEIAS DE BAIXO,,-26.08,-49.2692,800,391,0,0,0,0,0,0,0,0,0,0,0,1939-08-01 00:00:00,1967-05-01 00:00:00,,,1939-08-01 00:00:00,1967-05-01 00:00:00,,,,,,,,,,,,,,,,,0,0,0,9,0,7,0,10,1,2005-11-16 00:00:00,0,,0,,
6,65,65120000,RIO NEGRO,22,PARANÁ,22192000,PIÊN,52,IAT-PR,,,52,IAT-PR,,,1,65090000,FRAGOSOS,,-26.1547,-49.3806,790,803,1,0,1,0,1,0,0,0,0,0,0,1967-05-01 00:00:00,,,,1967-05-01 00:00:00,,1982-02-01 00:00:00,1982-10-01 00:00:00,1984-04-01 00:00:00,,,,,,,,,,,,1996-04-01 00:00:00,2013-07-01 00:00:00,0,0,0,3,0,7,0,3,1,2019-03-25 00:00:00,1,RNQA_PR-8429-I-10,0,,2019-03-25 00:00:00
6,65,65120200,RIO NEGRINHO,23,SANTA CATARINA,23148000,RIO NEGRINHO,1,ANA,27,1,52,IAT-PR,22,2,1,65093000,RIO NEGRINHO MONTANTE,,-26.2819,-49.4833,750,297,1,0,1,0,1,0,0,0,0,0,0,2002-08-01 00:00:00,,,,2002-08-01 00:00:00,,,,2017-01-01 00:00:00,,,,,,,,,,,,,,0,0,0,3,0,7,0,3,1,2022-12-20 00:00:00,1,RNQA_PR8428-I-4,0,,2022-12-20 00:00:00
6,65,65120300,RIO PRETO,23,SANTA CATARINA,23099000,MAFRA,1,ANA,27,1,52,IAT-PR,22,2,1,65094500,AVENCAL,,-26.1975,-49.6183,788,960,1,0,1,1,1,0,0,0,0,0,0,1976-07-01 00:00:00,,,,1976-07-01 00:00:00,,1982-02-01 00:00:00,,1984-04-01 00:00:00,,,,,,,,,,,,,,0,0,0,3,0,7,0,3,1,2018-05-15 00:00:00,1,RNQA_PR-8436-I-28,0,,2018-05-15 00:00:00
6,65,65120000,RIO NEGRO,23,SANTA CATARINA,23099000,MAFRA,1,ANA,27,1,52,IAT-PR,22,2,1,65095000,RIO PRETO DO SUL,ANA,-26.2156,-49.6036,780,2610,1,0,1,1,1,0,0,0,0,0,1,1951-01-01 00:00:00,,,,1951-01-01 00:00:00,,1982-02-01 00:00:00,,1984-04-01 00:00:00,,,,,,,,,,,,2013-11-01 00:00:00,,1,0,0,3,0,7,0,3,1,2018-08-16 00:00:00,1,TELEMÉTRICA - VAISA,0,,2018-08-16 00:00:00
6,65,65120000,RIO NEGRO,23,SANTA CATARINA,23099000,MAFRA,49,CEESC,,,49,CEESC,,,1,65097000,TINGUI,,-26.1697,-49.6947,760,2730,0,0,0,0,0,0,0,0,0,0,0,1966-05-01 00:00:00,1972-11-01 00:00:00,,,1966-05-01 00:00:00,1972-11-01 00:00:00,,,,,,,,,,,,,,,,,0,0,0,3,0,6,0,0,1,2016-10-07 00:00:00,0,,0,,2016-10-07 00:00:00
6,65,65120000,RIO NEGRO,22,PARANÁ,22224000,RIO NEGRO,28,COPEL,,,28,COPEL,,2,1,65100000,RIO NEGRO,,-26.1097,-49.8011,766,3450,0,0,0,0,0,0,0,0,0,0,0,1930-05-01 00:00:00,2015-12-01 00:00:00,,,1930-05-01 00:00:00,2015-12-01 00:00:00,1976-08-01 00:00:00,2015-12-01 00:00:00,1976-08-01 00:00:00,2015-12-01 00:00:00,,,,,,,,,,,1976-08-01 00:00:00,2015-12-01 00:00:00,0,0,0,3,0,7,0,3,1,2018-12-19 00:00:00,0,,0,,2018-12-19 00:00:00
6,65,65120000,RIO NEGRO,22,PARANÁ,22224000,RIO NEGRO,28,COPEL,,,28,COPEL,,1,1,65100001,PCH DERIVAÇÃO DO RIO JORDÃO RIO NEGRO,COPEL,-26.1097,-49.8011,766,3450,1,0,1,1,0,0,0,0,0,0,1,1930-05-01 00:00:00,,,,2003-03-01 00:00:00,,1976-08-01 00:00:00,,,,,,,,,,,,,,1997-10-01 00:00:00,,0,1,0,3,0,6,0,0,0,2016-02-24 00:00:00,1,RES. ANA/ANEEL N. 0,0,,2016-02-24 00:00:00
6,65,65120150,RIO SÃO LOURENÇO,23,SANTA CATARINA,23099000,MAFRA,15,CELESC,,,15,CELESC,,,1,65120000,CGH SÃO LOURENÇO JUSANTE,,-26.1833,-49.8833,818,89.6,0,0,0,0,0,0,0,0,0,0,0,2002-09-01 00:00:00,2018-03-01 00:00:00,,,2002-08-01 00:00:00,2018-03-01 00:00:00,,,,,,,,,,,,,,,,,0,1,0,3,0,6,0,0,1,2018-04-16 00:00:00,0,,0,,2018-04-16 00:00:00
6,65,65120400,RIO DA VÁRZEA,22,PARANÁ,22143000,MANDIRITUBA,52,IAT-PR,,,52,IAT-PR,,,1,65125000,TAPERA,,-25.8831,-49.2331,925,279,0,0,0,0,0,0,0,0,0,0,0,1976-06-01 00:00:00,1982-05-01 00:00:00,,,1976-06-01 00:00:00,1982-05-01 00:00:00,,,,,,,,,,,,,,,,,0,0,0,9,0,7,0,10,1,2005-11-18 00:00:00,0,,0,,
6,65,65120400,RIO DA VÁRZEA,22,PARANÁ,22143000,MANDIRITUBA,52,IAT-PR,,,52,IAT-PR,,,1,65130000,SALTO BARAÇÁ,,-25.9114,-49.2592,920,332,0,0,0,0,0,0,0,0,0,0,0,1957-03-01 00:00:00,1981-09-01 00:00:00,,,1956-12-01 00:00:00,1981-09-01 00:00:00,,,,,,,,,,,,,,,,,0,0,0,9,0,7,0,10,1,2005-11-18 00:00:00,0,,0,,
6,65,65120400,RIO DA VÁRZEA,22,PARANÁ,22143000,MANDIRITUBA,1,ANA,27,1,52,IAT-PR,22,2,1,65135000,RIO DA VÁRZEA DOS LIMA,,-25.9344,-49.3931,810,605,1,0,1,1,1,0,0,0,0,0,0,1939-08-01 00:00:00,,,,1939-08-01 00:00:00,,1982-02-01 00:00:00,,1984-04-01 00:00:00,,,,,,,,,,,,,,0,0,0,3,0,7,0,3,1,2018-05-15 00:00:00,1,RNQA_PRSC-8429-IE-1,0,,2018-05-15 00:00:00
6,65,65120550,RIO CAÍ,22,PARANÁ,22143000,MANDIRITUBA,52,IAT-PR,,,52,IAT-PR,,,1,65136000,AREIA BRANCA,,-25.8653,-49.4103,830,59.8,0,0,0,0,0,0,0,0,0,0,0,1956-12-01 00:00:00,1960-02-01 00:00:00,,,1956-12-01 00:00:00,1960-02-01 00:00:00,,,,,,,,,,,,,,,,,0,0,0,9,0,7,0,10,1,2006-06-12 00:00:00,0,,0,,
6,65,65120400,RIO DA VÁRZEA,22,PARANÁ,22213000,QUITANDINHA,52,IAT-PR,,,52,IAT-PR,,,1,65136500,QUITANDINHA,,-25.8703,-49.5017,800,919,0,0,0,0,0,0,0,0,0,0,0,1976-04-01 00:00:00,1983-07-01 00:00:00,,,1976-04-01 00:00:00,1983-07-01 00:00:00,,,,,,,,,,,,,,,,,0,0,0,9,0,7,0,10,1,2005-11-18 00:00:00,0,,0,,
6,65,65120400,RIO DA VÁRZEA,22,PARANÁ,22213000,QUITANDINHA,1,ANA,27,1,52,IAT-PR,22,2,1,65136550,QUITANDINHA,ANA,-25.855,-49.5258,800,939,1,0,1,1,1,0,0,0,0,0,1,1980-09-01 00:00:00,,1985-08-01 00:00:00,2000-12-01 00:00:00,1980-09-01 00:00:00,,1981-02-01 00:00:00,,1981-02-01 00:00:00,,,,,,,,,,,,2013-11-01 00:00:00,,1,0,0,3,0,7,0,3,1,2018-08-16 00:00:00,1,TELEMÉTRICA - VAISA,0,,2018-08-16 00:00:00
6,65,65120400,RIO DA VÁRZEA,22,PARANÁ,22041000,CAMPO DO TENENTE,67,IAPAR,,,67,IAPAR,,,1,65154910,BURITI,,-25.9831,-49.7167,815,1920,1,1,1,1,1,0,0,0,0,0,0,1991-10-01 00:00:00,,1991-10-01 00:00:00,,1991-10-01 00:00:00,,1991-10-01 00:00:00,,1991-10-01 00:00:00,,,,,,,,,,,,,,0,0,0,3,0,3,0,1,1,2010-11-30 00:00:00,1,,0,,2010-11-30 00:00:00
6,65,65120400,RIO DA VÁRZEA,22,PARANÁ,22132000,LAPA,52,IAT-PR,,,52,IAT-PR,,,1,65155000,SÃO BENTO,COPEL,-25.9456,-49.7914,750,2000,0,0,0,0,1,0,0,0,0,0,0,1930-05-01 00:00:00,2016-01-01 00:00:00,,,1930-05-01 00:00:00,2016-01-01 00:00:00,1980-11-01 00:00:00,2016-01-01 00:00:00,1980-11-01 00:00:00,,,,,,,,,,,,,,0,0,0,3,0,7,0,3,1,2018-08-13 00:00:00,1,RNQA_PR-8429-I-14,0,,2018-08-13 00:00:00
6,65,65120400,RIO DA VÁRZEA,22,PARANÁ,22132000,LAPA,28,COPEL,,,28,COPEL,,1,1,65155001,CGH CAVERNOSO SÃO BENTO,COPEL,-25.9439,-49.7961,775,2000,1,0,1,1,0,0,0,0,0,0,1,1930-05-01 00:00:00,,,,1997-09-01 00:00:00,,2023-01-01 00:00:00,,,,,,,,,,,,,,1997-09-01 00:00:00,,0,1,0,3,0,6,0,0,1,2023-04-26 00:00:00,1,RES. ANA/ANEEL N. 0,0,,2023-04-26 00:00:00
6,65,65140450,CÓRREGO DO MELLO,22,PARANÁ,22013000,ANTÔNIO OLINTO,414,RIGESA,,,414,RIGESA,,,1,65155500,FAZENDA MELLO,,-25.9867,-50.0928,840,0.6,1,1,1,0,1,0,0,0,0,0,1,2008-12-01 00:00:00,,2008-12-01 00:00:00,,2008-12-01 00:00:00,,,,2008-12-01 00:00:00,,,,,,,,,,,,2008-12-01 00:00:00,,0,0,0,4,0,7,0,2,5,2011-06-02 00:00:00,1,TELEMÉTRICA,0,,2011-06-02 00:00:00
6,65,65120000,RIO NEGRO,22,PARANÁ,22257000,SÃO MATEUS DO SUL,52,IAT-PR,,,52,IAT-PR,,,1,65175000,DIVISA,,-26.0914,-50.3339,770,8050,0,0,0,0,1,0,0,0,0,0,0,1963-12-01 00:00:00,2015-12-01 00:00:00,,,1963-12-01 00:00:00,2015-12-01 00:00:00,1999-05-01 00:00:00,2015-12-01 00:00:00,1984-04-01 00:00:00,,,,,,,,,,,,,,0,0,0,3,0,6,0,3,1,2018-12-17 00:00:00,1,RNQA_PR-8429-I-9,0,,2018-12-17 00:00:00
6,65,65120000,RIO NEGRO,22,PARANÁ,22257000,SÃO MATEUS DO SUL,28,COPEL,,,28,COPEL,,1,1,65175001,PCH DERIVAÇÃO DO RIO JORDÃO DIVISA,,-26.0914,-50.3339,770,8050,1,0,1,1,0,0,0,0,0,0,1,1963-12-01 00:00:00,,,,2003-03-01 00:00:00,,2023-08-01 00:00:00,,,,,,,,,,,,,,1997-09-01 00:00:00,,0,1,0,3,0,6,0,0,0,2023-05-11 00:00:00,1,RES. ANA/ANEEL N. 0,0,,2023-05-11 00:00:00
6,65,65120600,RIO CANOINHAS,23,SANTA CATARINA,23101000,MAJOR VIEIRA,1,ANA,27,1,52,IAT-PR,22,2,1,65180000,SALTO CANOINHAS,,-26.3722,-50.2881,793,772,1,0,1,1,1,0,0,0,0,0,0,1951-07-01 00:00:00,,,,1951-07-01 00:00:00,,1982-02-01 00:00:00,,1977-10-01 00:00:00,,,,,,,,,,,,,,0,0,0,3,0,7,0,3,1,2018-05-15 00:00:00,1,RNQA_PRSC-8429-IE-5,0,,2018-05-15 00:00:00
6,65,65120600,RIO CANOINHAS,23,SANTA CATARINA,23037000,CANOINHAS,1,ANA,27,1,1,ANA,,,1,65181000,MARCÍLIO DIAS,,-26.15,-50.3831,760,1430,0,0,0,0,0,0,0,0,0,0,0,1976-07-01 00:00:00,1982-01-01 00:00:00,,,1976-08-06 00:00:00,1981-11-26 00:00:00,,,,,,,,,,,,,,,,,1,0,0,9,0,7,0,10,1,2005-11-18 00:00:00,0,,0,,
6,65,65130250,CÓRREGO DO TIGRE,23,SANTA CATARINA,23037000,CANOINHAS,94,EPAGRI-SC,,,94,EPAGRI-SC,,,1,65182000,CÓRREGO DO TIGRE,EPAGRI,-26.2217,-50.4911,779,9.56,1,0,1,1,1,0,0,0,0,0,1,2005-05-01 00:00:00,,,,2005-05-01 00:00:00,,2005-05-01 00:00:00,,2005-05-01 00:00:00,,,,,,,,,,,,2005-05-01 00:00:00,,0,0,0,4,0,7,0,3,1,2014-09-12 00:00:00,1,,1,,2014-09-12 00:00:00
6,65,65130050,RIO BRAÇO DO POTINGA,22,PARANÁ,22257000,SÃO MATEUS DO SUL,1,ANA,27,1,1,ANA,,,1,65190000,BRAÇO DO POTINGA,,-25.8739,-50.6606,760,379,0,0,0,0,0,0,0,0,0,0,0,1941-11-01 00:00:00,1954-10-01 00:00:00,,,1941-11-01 00:00:00,1954-10-01 00:00:00,,,,,,,,,,,,,,,,,0,0,0,9,0,7,0,10,1,2005-11-18 00:00:00,0,,0,,
6,65,65130000,RIO POTINGA,22,PARANÁ,22257000,SÃO MATEUS DO SUL,1,ANA,27,1,1,ANA,,,1,65200000,PONTILHÃO,,-25.8667,-50.55,750,1930,0,0,0,0,0,0,0,0,0,0,0,1939-04-01 00:00:00,1965-07-01 00:00:00,,,1939-04-01 00:00:00,1965-07-01 00:00:00,,,,,,,,,,,,,,,,,0,0,0,9,0,7,0,10,1,2005-11-18 00:00:00,0,,0,,
6,65,65130000,RIO POTINGA,22,PARANÁ,22257000,SÃO MATEUS DO SUL,52,IAT-PR,,,52,IAT-PR,,,1,65208000,PONTILHÃO DO RIO POTINGA,,-25.9108,-50.5256,770,2210,1,0,1,0,1,0,0,0,0,0,0,1974-02-01 00:00:00,,,,1974-02-01 00:00:00,,,,1974-02-01 00:00:00,,,,,,,,,,,,,,0,1,0,3,0,6,0,0,1,2019-08-02 00:00:00,1,RNQA_PR-8421-I-17,0,,2019-08-02 00:00:00
6,65,65100000,RIO IGUAÇU,23,SANTA CATARINA,23037000,CANOINHAS,49,CEESC,,,49,CEESC,,,1,65215000,PAULA PEREIRA,,-26.0667,-50.55,760,18600,0,0,0,0,0,0,0,0,0,0,0,1966-05-01 00:00:00,1971-04-01 00:00:00,,,1966-05-01 00:00:00,1971-04-01 00:00:00,,,,,,,,,,,,,,,,,0,0,0,3,0,6,0,0,1,2005-07-21 00:00:00,0,,0,,
6,65,65100000,RIO IGUAÇU,22,PARANÁ,22257000,SÃO MATEUS DO SUL,28,COPEL,,,28,COPEL,,,1,65220000,FLUVIÓPOLIS,,-26.0192,-50.5925,770,18600,1,1,1,1,1,0,0,0,0,0,0,1963-08-01 00:00:00,,1985-08-01 00:00:00,,1963-08-01 00:00:00,,1999-05-01 00:00:00,,1984-12-01 00:00:00,,,,,,,,,,,,1996-04-01 00:00:00,2003-12-01 00:00:00,0,1,0,2,0,7,0,3,1,2019-08-02 00:00:00,1,RNQA_PRSC-8429-IE-2,1,,2019-08-02 00:00:00
6,65,65100000,RIO IGUAÇU,22,PARANÁ,22257000,SÃO MATEUS DO SUL,1163,F.D.A.,,,1163,F.D.A.,,1,1,65220001,UHE GOV. BENTO MUNHOZ FLUVIÓPOLIS,,-26.0192,-50.5925,770,18600,1,0,1,0,0,0,0,0,0,0,1,1963-08-01 00:00:00,,,,1997-06-01 00:00:00,,,,,,,,,,,,,,,,1997-06-01 00:00:00,,0,1,0,2,0,6,0,0,1,2022-05-26 00:00:00,1,RES. ANA/ANEEL N. 0,0,,2022-05-26 00:00:00
6,65,65130100,RIO CLARO,22,PARANÁ,22139000,MALLET,1,ANA,27,1,1,ANA,,,1,65235000,RIO CLARO DO SUL,,-25.9558,-50.6844,750,465,0,0,0,0,0,0,0,0,0,0,0,1948-05-01 00:00:00,1966-12-01 00:00:00,,,1948-05-01 00:00:00,1966-12-01 00:00:00,,,,,,,,,,,,,,,,,0,0,0,9,0,7,0,10,1,2005-11-18 00:00:00,0,,0,,
6,65,65130200,RIO PACIÊNCIA,23,SANTA CATARINA,23037000,CANOINHAS,1,ANA,27,1,52,IAT-PR,22,3,1,65240000,PONTE BR-280,,-26.2472,-50.495,780,327,1,0,1,0,0,0,0,0,0,0,0,2002-09-01 00:00:00,,,,2002-09-01 00:00:00,,,,,,,,,,,,,,,,,,0,0,0,3,0,7,0,0,1,2018-05-15 00:00:00,1,,0,,2018-05-15 00:00:00
6,65,65130700,RIO TIMBÓ,23,SANTA CATARINA,23179400,TIMBÓ GRANDE,503,CIABS,,,503,CIABS,,1,1,65258000,PCH RIO TIMBÓ MONTANTE,,-26.6144,-50.6761,950,279,1,0,1,1,0,0,0,0,0,0,1,2013-02-01 00:00:00,,,,2013-02-01 00:00:00,,2013-02-01 00:00:00,,,,,,,,,,,,,,2013-02-01 00:00:00,,0,1,0,3,0,6,0,0,1,2015-01-20 00:00:00,1,RES. ANA/ANEEL N. 0,0,2015-01-20 00:00:00,2015-01-20 00:00:00
6,65,65170250,RIO CAÇADOR GRANDE,23,SANTA CATARINA,23179400,TIMBÓ GRANDE,503,CIABS,,,503,CIABS,,1,1,65259000,PCH RIO TIMBÓ RIO CAÇADOR GRANDE,,-26.5936,-50.7283,933,300,1,0,1,0,0,0,0,0,0,0,1,2012-12-01 00:00:00,,,,2012-12-01 00:00:00,,,,,,,,,,,,,,,,2012-12-01 00:00:00,,0,1,0,3,0,6,0,0,1,2015-01-20 00:00:00,1,RES. ANA/ANEEL N. 0,0,2015-01-20 00:00:00,2015-01-20 00:00:00
6,65,65130700,RIO TIMBÓ,23,SANTA CATARINA,23179400,TIMBÓ GRANDE,28,COPEL,,,52,IAT-PR,,,1,65260000,FOZ DO CACHOEIRA,ANA,-26.5875,-50.745,895,700,0,0,0,0,1,0,0,0,0,0,0,1985-11-01 00:00:00,2015-12-01 00:00:00,1987-04-01 00:00:00,2015-12-01 00:00:00,1985-11-01 00:00:00,2015-12-01 00:00:00,2001-10-01 00:00:00,2015-12-01 00:00:00,2001-10-01 00:00:00,,,,,,,,,,,,1996-04-01 00:00:00,2015-12-01 00:00:00,0,0,0,3,0,7,0,3,1,2019-08-02 00:00:00,1,RNQA_PR-8427-I-4,0,,2019-08-02 00:00:00
6,65,65130700,RIO TIMBÓ,23,SANTA CATARINA,23179400,TIMBÓ GRANDE,1163,F.D.A.,23,,1163,F.D.A.,23,1,1,65260001,UHE GOVERNADOR BENTO MUNHOZ FOZ DA CACHOEIRA,,-26.5875,-50.7283,895,697,1,0,1,0,0,0,0,0,0,0,1,1997-05-01 00:00:00,,,,2003-03-01 00:00:00,,,,,,,,,,,,,,,,1997-05-01 00:00:00,,0,1,0,3,0,6,0,0,0,2023-03-17 00:00:00,1,RES. ANA/ANEEL N. 0,0,,2023-03-17 00:00:00
6,65,65130710,RIO TAMANDUÁ,23,SANTA CATARINA,23179400,TIMBÓ GRANDE,155,BONET,,,155,BONET,,,1,65290000,PCH BONET BURITI,,-26.5667,-50.6,,224,0,0,0,0,0,0,0,0,0,0,0,1969-01-01 00:00:00,2012-12-01 00:00:00,,,1969-01-01 00:00:00,2012-12-01 00:00:00,,,,,,,,,,,,,,,2000-04-01 00:00:00,2012-12-01 00:00:00,0,0,0,3,0,6,0,0,1,2013-02-20 00:00:00,0,TELEMÉTRICA,0,,2013-02-20 00:00:00
7,71,71001000,RIO CANOAS,23,SANTA CATARINA,23024500,BOCAINA DO SUL,1,ANA,27,1,82,CPRM,24,9,1,71200000,VILA CANOAS,ANA,-27.8028,-49.7786,837,1010,1,0,1,0,1,0,0,0,0,0,1,1957-06-01 00:00:00,,,,1957-06-01 00:00:00,,,,2003-01-01 00:00:00,,,,,,,,,,,,2013-07-01 00:00:00,,1,0,0,3,0,7,1,3,1,2021-10-13 00:00:00,1,TELEMÉTRICA - VAISA,0,,2021-10-13 00:00:00
7,71,71100400,RIO JOÃO PAULO,23,SANTA CATARINA,23026000,BOM RETIRO,1,ANA,27,1,82,CPRM,24,9,1,71250000,PONTE DO RIO JOÃO PAULO,,-27.8297,-49.6269,900,489,1,0,1,0,1,0,0,0,0,0,0,1959-06-01 00:00:00,,,,1959-06-01 00:00:00,,,,2003-01-01 00:00:00,,,,,,,,,,,,,,0,0,0,3,0,7,0,3,1,2022-01-20 00:00:00,1,,0,,2022-01-20 00:00:00
7,71,71001000,RIO CANOAS,23,SANTA CATARINA,23024500,BOCAINA DO SUL,1,ANA,27,1,82,CPRM,24,9,1,71300000,RIO BONITO,ANA,-27.7022,-49.84,840,2000,1,0,1,1,1,0,0,0,0,0,1,1942-03-01 00:00:00,,,,1942-03-01 00:00:00,,1979-03-01 00:00:00,,1979-03-01 00:00:00,,,,,,,,,,,,2013-07-01 00:00:00,,0,0,1,3,1,7,1,3,1,2021-10-13 00:00:00,1,TELEMÉTRICA - VAISA,0,,2021-10-13 00:00:00
7,71,71001000,RIO CANOAS,23,SANTA CATARINA,23024500,BOCAINA DO SUL,1,ANA,27,1,1,ANA,,,1,71320000,JOANA,,-27.6675,-49.9058,900,2320,0,0,0,0,0,0,0,0,0,0,0,1962-02-01 00:00:00,1965-12-01 00:00:00,,,1800-01-01 00:00:00,1800-01-01 00:00:00,,,,,,,,,,,,,,,,,0,0,0,9,0,7,0,10,1,2018-06-05 00:00:00,0,,0,,2018-06-05 00:00:00
7,71,71001000,RIO CANOAS,23,SANTA CATARINA,23024500,BOCAINA DO SUL,129,ENERCAN,,,129,ENERCAN,,1,1,71325000,UHE CAMPOS NOVOS MONTANTE 2,,-27.6556,-49.9522,837,2559,1,0,1,1,0,0,0,0,0,0,1,2013-10-01 00:00:00,,,,2013-10-01 00:00:00,,2013-10-01 00:00:00,,,,,,,,,,,,,,2013-10-01 00:00:00,,0,1,0,3,0,6,0,0,1,2015-06-11 00:00:00,1,RES. ANA/ANEEL N. 0,0,2015-05-22 00:00:00,2015-06-11 00:00:00
7,71,71102800,RIO CAMBUIM,23,SANTA CATARINA,23118500,PALMEIRA,94,EPAGRI-SC,,,94,EPAGRI-SC,,,1,71335000,MATO ESCURO,EPAGRI,-27.5778,-50.0717,855,24,1,0,1,1,1,0,0,0,0,0,1,2005-04-01 00:00:00,,,,2005-04-01 00:00:00,,2005-04-01 00:00:00,,2005-04-01 00:00:00,,,,,,,,,,,,2005-04-01 00:00:00,,0,0,0,4,0,7,0,3,1,2011-06-03 00:00:00,1,TELEMÉTRICA,1,,2011-06-03 00:00:00
7,71,71001000,RIO CANOAS,23,SANTA CATARINA,23115500,OTACÍLIO COSTA,1,ANA,27,1,1,ANA,,,1,71350000,ENCRUZILHADA,,-27.5003,-50.1331,840,3230,0,0,0,0,0,0,0,0,0,0,0,1951-09-01 00:00:00,1984-12-01 00:00:00,,,1951-09-01 00:00:00,1983-11-01 00:00:00,,,1980-09-01 00:00:00,1984-12-01 00:00:00,,,,,,,,,,,,,0,0,0,9,0,7,0,10,1,2018-06-11 00:00:00,0,,0,,2018-06-11 00:00:00
7,71,71001000,RIO CANOAS,23,SANTA CATARINA,23115500,OTACÍLIO COSTA,1,ANA,27,1,82,CPRM,24,9,1,71350001,ENCRUZILHADA II,ANA,-27.5078,-50.1128,824,3230,1,0,1,0,1,0,0,0,0,0,1,1984-06-01 00:00:00,,,,1984-06-01 00:00:00,,,,2003-02-01 00:00:00,,,,,,,,,,,,2014-09-01 00:00:00,,0,0,0,3,1,7,1,3,1,2021-09-10 00:00:00,1,TELEMÉTRICA - VAISA,0,,2021-09-10 00:00:00
7,71,71001000,RIO CANOAS,23,SANTA CATARINA,23118500,PALMEIRA,377,SÃO ROQUE,,,377,SÃO ROQUE,,1,1,71351000,UHE SÃO ROQUE MONTANTE 1,,-27.4842,-50.1478,831,3436,1,0,1,1,0,0,0,0,0,0,1,2014-01-01 00:00:00,,,,2014-01-01 00:00:00,,2014-01-01 00:00:00,,,,,,,,,,,,,,2014-02-01 00:00:00,,,1,,0,,,0,0,0,2023-01-09 00:00:00,1,RES. ANA/ANEEL N. 0,0,2023-01-09 00:00:00,2023-01-09 00:00:00
7,71,71001000,RIO CANOAS,23,SANTA CATARINA,23131000,PONTE ALTA,1,ANA,27,1,82,CPRM,24,,1,71383000,PONTE ALTA DO SUL,,-27.4858,-50.3917,814.66,4610,0,0,0,0,0,0,0,0,0,0,0,1956-11-01 00:00:00,2018-02-01 00:00:00,,,1956-11-01 00:00:00,2018-02-01 00:00:00,1978-07-01 00:00:00,2018-02-01 00:00:00,1978-05-01 00:00:00,2018-02-01 00:00:00,,,,,,,,,,,2013-05-01 00:00:00,2018-02-01 00:00:00,0,0,1,3,1,7,1,3,1,2018-05-30 00:00:00,0,,0,,2018-05-30 00:00:00
7,71,71001000,RIO CANOAS,23,SANTA CATARINA,23131000,PONTE ALTA,129,ENERCAN,,,129,ENERCAN,,1,1,71383300,UHE CAMPOS NOVOS MONTANTE 1,,-27.4858,-50.3917,821,4720,1,0,1,1,0,0,0,0,0,0,1,2013-10-01 00:00:00,,,,2013-10-01 00:00:00,,2013-10-01 00:00:00,,,,,,,,,,,,,,2013-10-01 00:00:00,,0,1,0,3,0,6,0,0,1,2015-06-11 00:00:00,1,RES. ANA/ANEEL N. 0,0,2015-05-22 00:00:00,2015-06-11 00:00:00
7,71,71001000,RIO CANOAS,23,SANTA CATARINA,23131000,PONTE ALTA,15,CELESC,,,15,CELESC,,,1,71383500,PONTE ALTA DO SUL (PERY MONTANTE),,-27.4858,-50.3917,870,4631,0,0,0,0,0,0,0,0,0,0,0,2002-06-01 00:00:00,2009-12-01 00:00:00,,,2002-07-01 00:00:00,2009-06-01 00:00:00,,,,,,,,,,,,,,,2002-06-01 00:00:00,2009-12-01 00:00:00,0,1,0,3,0,6,0,0,1,2018-06-12 00:00:00,0,,0,,2018-06-12 00:00:00
7,71,71100600,RIO ANTINHAS,23,SANTA CATARINA,23158500,SÃO CRISTOVÃO DO SU,1,ANA,27,1,1,ANA,,,1,71385000,PONTE DO RIO ANTINHAS,,-27.35,-50.4333,940,30,0,0,0,0,0,0,0,0,0,0,0,1958-05-01 00:00:00,1971-12-01 00:00:00,,,1800-01-01 00:00:00,1800-01-01 00:00:00,,,,,,,,,,,,,,,,,0,0,0,9,0,7,0,10,1,2017-05-17 00:00:00,0,,0,,2017-05-17 00:00:00
7,71,71001000,RIO CANOAS,23,SANTA CATARINA,23047000,CURITIBANOS,1010,ENERGÉTCANOAS,23,1,1010,ENERGÉTCANOAS,23,1,1,71385400,PCH ADO POPINHAK PONTE ALTA DO SUL,,-27.4858,-50.3917,,4610,1,0,1,1,0,0,0,0,0,0,1,2017-10-01 00:00:00,,,,2017-10-01 00:00:00,,2017-10-01 00:00:00,,,,,,,,,,,,,,2017-10-01 00:00:00,,0,1,0,2,0,6,0,0,1,2021-12-22 00:00:00,1,RES. ANA/ANEEL N. 0,0,2019-05-31 00:00:00,2021-12-22 00:00:00
7,71,71001000,RIO CANOAS,23,SANTA CATARINA,23047000,CURITIBANOS,1010,ENERGÉTCANOAS,23,1,1010,ENERGÉTCANOAS,23,1,1,71385500,PCH ADO POPINHAK MONTANTE,,-27.4864,-50.4936,,,0,0,0,0,0,0,0,0,0,0,0,2017-10-01 00:00:00,2019-08-01 00:00:00,,,2017-10-01 00:00:00,2021-08-01 00:00:00,2017-10-01 00:00:00,2019-08-01 00:00:00,,,,,,,,,,,,,2017-10-01 00:00:00,2019-08-01 00:00:00,0,1,0,2,0,6,0,0,1,2021-12-22 00:00:00,0,RES. ANA/ANEEL N. 0,0,2018-03-13 00:00:00,2021-12-22 00:00:00
7,71,71001000,RIO CANOAS,23,SANTA CATARINA,23047000,CURITIBANOS,1010,ENERGÉTCANOAS,23,1,1010,ENERGÉTCANOAS,23,1,1,71386500,PCH ADO POPINHAK JUSANTE,,-27.4881,-50.5225,,,1,0,1,1,0,0,0,0,0,0,1,2017-10-01 00:00:00,,,,2017-10-01 00:00:00,,2017-10-01 00:00:00,,,,,,,,,,,,,,2017-10-01 00:00:00,,0,1,0,2,0,6,0,0,1,2021-12-22 00:00:00,1,RES. ANA/ANEEL N. 0,0,2018-03-13 00:00:00,2021-12-22 00:00:00
7,71,71001000,RIO CANOAS,23,SANTA CATARINA,23043500,CORREIA PINTO,15,CELESC,,,15,CELESC,,1,1,71387900,PCH PERY MONTANTE,,-27.4864,-50.4936,828,5750,0,0,0,0,0,0,0,0,0,0,0,2016-02-01 00:00:00,2017-02-01 00:00:00,,,2016-02-01 00:00:00,2017-02-01 00:00:00,2016-02-01 00:00:00,2017-02-01 00:00:00,,,,,,,,,,,,,2016-02-01 00:00:00,2017-02-01 00:00:00,0,1,0,3,0,6,0,0,1,2017-02-23 00:00:00,0,,0,2016-08-05 00:00:00,2017-02-23 00:00:00
7,71,71112000,RIO DOS CACHORROS,23,SANTA CATARINA,23047000,CURITIBANOS,15,CELESC,,,15,CELESC,,1,1,71388400,PCH PERY RIO DOS CACHORROS,,-27.4308,-50.4844,857,5750,0,0,0,0,0,0,0,0,0,0,0,2016-10-01 00:00:00,2017-02-01 00:00:00,,,2016-10-01 00:00:00,2017-02-01 00:00:00,,,,,,,,,,,,,,,2016-10-01 00:00:00,2017-02-01 00:00:00,0,1,0,3,0,6,0,0,1,2017-02-23 00:00:00,0,,0,2016-08-05 00:00:00,2017-02-23 00:00:00
7,71,71001000,RIO CANOAS,23,SANTA CATARINA,23047000,CURITIBANOS,15,CELESC,,,15,CELESC,,1,1,71388500,PCH PERY JUSANTE 1,,-27.4539,-50.6464,790,5750,0,0,0,0,0,0,0,0,0,0,0,2011-11-01 00:00:00,2017-02-01 00:00:00,,,2011-11-01 00:00:00,2017-02-01 00:00:00,2011-10-01 00:00:00,2017-02-01 00:00:00,,,,,,,,,,,,,2011-11-01 00:00:00,2017-02-01 00:00:00,0,1,0,3,0,6,0,0,1,2017-02-23 00:00:00,0,,0,,2017-02-23 00:00:00
7,71,71001000,RIO CANOAS,23,SANTA CATARINA,23047000,CURITIBANOS,15,CELESC,,,15,CELESC,,1,1,71388600,PCH PERY JUSANTE,,-27.4528,-50.6714,775,5750,1,0,1,1,0,0,0,0,0,0,1,2016-10-01 00:00:00,,,,2016-10-01 00:00:00,,2016-10-01 00:00:00,,,,,,,,,,,,,,2016-10-01 00:00:00,,0,1,0,3,0,6,0,0,1,2020-02-19 00:00:00,1,RES. ANA/ANEEL N. 0,0,2016-12-27 00:00:00,2020-02-19 00:00:00
7,71,71201000,RIO DAS MAROMBAS,23,SANTA CATARINA,23158500,SÃO CRISTOVÃO DO SU,1,ANA,27,1,1,ANA,,,1,71490000,PONTE MAROMBAS,,-27.2156,-50.4661,920,354,0,0,0,0,0,0,0,0,0,0,0,1959-10-01 00:00:00,2006-09-01 00:00:00,,,1959-10-01 00:00:00,2006-09-01 00:00:00,,,2003-02-01 00:00:00,2006-09-01 00:00:00,,,,,,,,,,,,,0,0,0,3,0,7,0,0,1,2018-06-12 00:00:00,0,,0,,2018-06-12 00:00:00
7,71,71201000,RIO DAS MAROMBAS,23,SANTA CATARINA,23047000,CURITIBANOS,1,ANA,27,1,1,ANA,,,1,71491000,BOSSARDI GOETTEN,,-27.205,-50.5328,920,462,0,0,0,0,0,0,0,0,0,0,0,1967-10-01 00:00:00,1971-08-01 00:00:00,,,1969-01-01 00:00:00,1971-09-01 00:00:00,,,,,,,,,,,,,,,,,0,0,0,9,0,7,0,10,1,2018-06-08 00:00:00,0,,0,,2018-06-08 00:00:00
7,71,71201000,RIO DAS MAROMBAS,23,SANTA CATARINA,23047000,CURITIBANOS,1181,MAROMBAS I,,,1181,MAROMBAS I,,,1,71491100,CGH MAROMBAS I MONTANTE 2,,-27.2008,-50.5625,867,1088,1,0,1,1,0,0,0,0,0,0,1,2022-06-01 00:00:00,,,,2022-06-01 00:00:00,,2022-06-01 00:00:00,,,,,,,,,,,,,,2022-06-01 00:00:00,,,1,,,,,,,,2022-11-08 00:00:00,1,RES. ANA/ANEEL N. 0,0,2022-11-04 00:00:00,2022-11-08 00:00:00
7,71,71201000,RIO DAS MAROMBAS,23,SANTA CATARINA,23047000,CURITIBANOS,1181,MAROMBAS I,,,1181,MAROMBAS I,,,1,71491800,CGH MAROMBAS I MONTANTE 1,,-27.1922,-50.6175,860,1088,1,0,1,1,0,0,0,0,0,0,1,2022-06-01 00:00:00,,,,2022-06-01 00:00:00,,2022-06-01 00:00:00,,,,,,,,,,,,,,2022-06-01 00:00:00,,,1,,,,,,,,2022-11-08 00:00:00,1,RES. ANA/ANEEL N. 0,0,2022-11-04 00:00:00,2022-11-08 00:00:00
7,71,71201000,RIO DAS MAROMBAS,23,SANTA CATARINA,23047000,CURITIBANOS,1,ANA,27,1,1,ANA,,,1,71492000,CURITIBANOS,,-27.1972,-50.6303,820,1090,0,0,0,0,0,0,0,0,0,0,0,1944-10-01 00:00:00,1971-07-01 00:00:00,,,1800-01-01 00:00:00,1800-01-01 00:00:00,,,,,,,,,,,,,,,,,0,0,0,9,0,7,0,10,1,2018-06-08 00:00:00,0,,0,,2018-06-08 00:00:00
7,71,71201000,RIO DAS MAROMBAS,23,SANTA CATARINA,23047000,CURITIBANOS,1182,MAROMBAS II,,,1182,MAROMBAS II,,1,1,71492150,CGH MAROMBAS II JUSANTE,,-27.2053,-50.6339,838,2000,1,0,1,1,0,0,0,0,0,0,1,2022-06-01 00:00:00,,,,2022-06-01 00:00:00,,2022-06-01 00:00:00,,,,,,,,,,,,,,2022-06-01 00:00:00,,,1,,,,,,,,2022-11-08 00:00:00,1,RES. ANA/ANEEL N. 0,0,2022-11-04 00:00:00,2022-11-08 00:00:00
7,71,71201000,RIO DAS MAROMBAS,23,SANTA CATARINA,23047000,CURITIBANOS,377,SÃO ROQUE,,,377,SÃO ROQUE,,1,1,71492300,UHE SÃO ROQUE RIO MAROMBAS,,-27.2167,-50.665,837,1080,1,0,1,1,0,0,0,0,0,0,1,2014-04-01 00:00:00,,,,2014-04-01 00:00:00,,2014-04-01 00:00:00,,,,,,,,,,,,,,2014-04-01 00:00:00,,,1,,0,,,0,0,0,2023-01-09 00:00:00,1,RES. ANA/ANEEL N. 0,0,2023-01-09 00:00:00,2023-01-09 00:00:00
7,71,71203000,RIO CORRENTES,23,SANTA CATARINA,23153000,SANTA CECÍLIA,1,ANA,27,1,1,ANA,,,1,71496000,PONTE DO RIO CORRENTES,,-27.0658,-50.6475,800,539,0,0,0,0,0,0,0,0,0,0,0,1959-04-01 00:00:00,1984-06-01 00:00:00,,,1959-04-01 00:00:00,1984-06-01 00:00:00,,,,,,,,,,,,,,,,,1,0,0,9,0,7,0,10,1,2018-06-12 00:00:00,0,,0,,2018-06-12 00:00:00
7,71,71203000,RIO CORRENTES,23,SANTA CATARINA,23054500,FREI ROGÉRIO,377,SÃO ROQUE,,,377,SÃO ROQUE,,1,1,71496800,UHE SÃO ROQUE RIO CORRENTES,,-27.1806,-50.7278,809,1881,1,0,1,1,0,0,0,0,0,0,1,2022-11-01 00:00:00,,,,2022-11-01 00:00:00,,2022-11-01 00:00:00,,,,,,,,,,,,,,2022-11-01 00:00:00,,,1,,0,,,0,0,0,2023-01-09 00:00:00,1,RES. ANA/ANEEL N. 0,0,2023-01-09 00:00:00,2023-01-09 00:00:00
7,71,71201000,RIO DAS MAROMBAS,23,SANTA CATARINA,23047000,CURITIBANOS,129,ENERCAN,,,129,ENERCAN,,1,1,71497000,UHE CAMPOS NOVOS RIO MAROMBAS,,-27.225,-50.7339,785,3074,1,0,1,1,0,0,0,0,0,0,1,2013-10-01 00:00:00,,,,2013-10-01 00:00:00,,2013-10-01 00:00:00,,,,,,,,,,,,,,2013-10-01 00:00:00,,0,1,0,3,0,6,0,0,1,2015-06-11 00:00:00,1,RES. ANA/ANEEL N. 0,0,2015-05-22 00:00:00,2015-06-11 00:00:00
7,71,71201000,RIO DAS MAROMBAS,23,SANTA CATARINA,23047000,CURITIBANOS,1,ANA,27,1,82,CPRM,24,,1,71498000,PASSO MAROMBAS,ANA,-27.3339,-50.7539,829,3680,0,0,0,0,0,0,0,0,0,0,0,1940-04-01 00:00:00,2022-04-01 00:00:00,,,1940-04-01 00:00:00,2022-04-01 00:00:00,1978-07-01 00:00:00,2022-04-01 00:00:00,1978-02-01 00:00:00,2022-04-01 00:00:00,,,,,,,,,,,2013-05-01 00:00:00,2022-04-01 00:00:00,0,0,1,3,1,7,1,3,1,2022-07-18 00:00:00,0,TELEMÉTRICA - VAISA,0,,2022-07-18 00:00:00
7,71,71321000,RIO CAVEIRAS,23,SANTA CATARINA,23091000,LAGES,112,ENGIE,,,112,ENGIE,,,1,71620300,UCLA - LAGES,,-27.8464,-50.3403,900,561,1,0,1,0,0,0,0,0,0,0,0,2005-02-01 00:00:00,,,,2005-02-01 00:00:00,,,,,,,,,,,,,,,,,,0,1,0,3,0,6,0,0,1,2013-03-26 00:00:00,1,,0,,2013-03-26 00:00:00
7,71,71321000,RIO CAVEIRAS,23,SANTA CATARINA,23116800,PAINEL,15,CELESC,,,15,CELESC,,1,1,71620400,CGH CAVEIRAS MONTANTE 2,,-27.8592,-49.995,1152,1128,1,0,1,0,0,0,0,0,0,0,1,2016-02-01 00:00:00,,,,2016-02-01 00:00:00,,,,,,,,,,,,,,,,2016-02-01 00:00:00,,0,1,0,2,0,6,0,0,1,2019-03-22 00:00:00,1,RES. ANA/ANEEL N. 0,0,2016-06-09 00:00:00,2019-03-22 00:00:00
7,71,71321000,RIO CAVEIRAS,23,SANTA CATARINA,23091000,LAGES,15,CELESC,,,15,CELESC,,1,1,71620450,CGH CAVEIRAS MONTANTE 1,,-27.8722,-50.3675,864,1128,1,0,1,1,0,0,0,0,0,0,1,2016-02-01 00:00:00,,,,2016-02-01 00:00:00,,2016-02-01 00:00:00,,,,,,,,,,,,,,2016-02-01 00:00:00,,0,1,0,2,0,6,0,0,1,2019-03-22 00:00:00,1,RES. ANA/ANEEL N. 0,0,2016-06-09 00:00:00,2019-03-22 00:00:00
7,71,71321000,RIO CAVEIRAS,23,SANTA CATARINA,23091000,LAGES,15,CELESC,,,15,CELESC,,,1,71620500,PCH CAVEIRAS PONTE VELHA,,-27.8803,-50.3825,900,1080,0,0,0,0,0,0,0,0,0,0,0,2002-08-01 00:00:00,2016-06-01 00:00:00,,,2002-08-01 00:00:00,2016-06-01 00:00:00,,,,,,,,,,,,,,,2004-01-01 00:00:00,2016-06-01 00:00:00,0,1,0,3,0,6,0,0,1,2016-06-09 00:00:00,0,RES. ANA/ANEEL N. 0,0,,2016-06-09 00:00:00
7,71,71321000,RIO CAVEIRAS,23,SANTA CATARINA,23091000,LAGES,15,CELESC,,,15,CELESC,,1,1,71621500,CGH CAVEIRAS JUSANTE,,-27.805,-50.4811,870,1080,1,0,1,1,0,0,0,0,0,0,1,2002-06-01 00:00:00,,,,2002-08-01 00:00:00,,2002-06-01 00:00:00,,,,,,,,,,,,,,2003-12-01 00:00:00,,0,1,0,3,0,6,0,0,1,2019-03-22 00:00:00,1,RES. ANA/ANEEL N. 0,0,,2019-03-22 00:00:00
7,71,71321000,RIO CAVEIRAS,23,SANTA CATARINA,23037500,CAPÃO ALTO,1,ANA,27,1,1,ANA,,,1,71630000,CAPÃO ALTO,,-27.8806,-50.3825,920,800,0,0,0,0,0,0,0,0,0,0,0,1958-06-01 00:00:00,1963-12-01 00:00:00,,,1800-01-01 00:00:00,1800-01-01 00:00:00,,,,,,,,,,,,,,,,,0,0,0,9,0,7,0,10,1,2018-06-08 00:00:00,0,,0,,2018-06-08 00:00:00
7,71,71321000,RIO CAVEIRAS,23,SANTA CATARINA,23091000,LAGES,15,CELESC,,,15,CELESC,,,1,71635000,PCH PINHEIRO JUSANTE,,-27.7642,-50.5431,,1250,0,0,0,0,0,0,0,0,0,0,0,2002-01-01 00:00:00,2012-12-01 00:00:00,,,2002-01-01 00:00:00,2012-12-01 00:00:00,,,,,,,,,,,,,,,,,0,1,0,3,0,6,0,0,1,2017-05-17 00:00:00,0,,0,,2017-05-17 00:00:00
7,71,71321000,RIO CAVEIRAS,23,SANTA CATARINA,23166000,SÃO JOSÉ DO CERRITO,15,CELESC,,,15,CELESC,,,1,71640000,PCH ITARARE,,-27.7169,-50.5753,,1370,0,0,0,0,0,0,0,0,0,0,0,2001-12-01 00:00:00,2012-12-01 00:00:00,,,2001-12-01 00:00:00,2012-12-01 00:00:00,2001-12-01 00:00:00,2012-12-01 00:00:00,,,,,,,,,,,,,,,0,1,0,3,0,6,0,0,1,2013-03-19 00:00:00,0,,0,,2013-03-19 00:00:00
7,71,71321000,RIO CAVEIRAS,23,SANTA CATARINA,23166000,SÃO JOSÉ DO CERRITO,79,CGT ELETROSUL,,,79,CGT ELETROSUL,,1,1,71645000,PCH JOÃO BORGES JUSANTE,,-27.7161,-50.6758,734,1710,1,0,1,1,0,0,0,0,0,0,1,2013-01-01 00:00:00,,,,2013-01-01 00:00:00,,2013-01-01 00:00:00,,,,,,,,,,,,,,2013-01-01 00:00:00,,0,1,0,3,0,6,0,0,1,2016-05-13 00:00:00,1,RES. ANA/ANEEL N. 0,0,2013-06-18 00:00:00,2016-05-13 00:00:00
7,71,71321000,RIO CAVEIRAS,23,SANTA CATARINA,23166000,SÃO JOSÉ DO CERRITO,129,ENERCAN,,,129,ENERCAN,,1,1,71647000,UHE CAMPOS NOVOS RIO CAVEIRAS,,-27.6711,-50.7097,742,2050,1,0,1,1,0,0,0,0,0,0,1,2013-10-01 00:00:00,,,,2013-10-01 00:00:00,,2013-10-01 00:00:00,,,,,,,,,,,,,,2013-10-01 00:00:00,,0,1,0,3,0,6,0,0,1,2015-06-11 00:00:00,1,RES. ANA/ANEEL N. 0,0,2015-05-22 00:00:00,2015-06-11 00:00:00
7,71,71321000,RIO CAVEIRAS,23,SANTA CATARINA,23034000,CAMPO BELO DO SUL,1,ANA,27,1,1,ANA,,,1,71650000,TRAVESSÃO,,-27.6722,-50.7228,750,2120,0,0,0,0,0,0,0,0,0,0,0,1981-07-01 00:00:00,1985-05-01 00:00:00,,,1981-07-01 00:00:00,1985-05-01 00:00:00,,,,,,,,,,,,,,,,,0,0,0,9,0,7,0,10,1,2018-06-05 00:00:00,0,,0,,2018-06-05 00:00:00
7,71,71321000,RIO CAVEIRAS,23,SANTA CATARINA,23166000,SÃO JOSÉ DO CERRITO,616,RIO CANOAS,,,616,RIO CANOAS,,1,1,71655000,UHE GARIBALDI MONTANTE 2,,-27.6339,-50.7806,717,2204,1,0,1,0,0,0,0,0,0,0,1,2012-07-01 00:00:00,,,,2012-07-01 00:00:00,,,,,,,,,,,,,,,,2013-05-01 00:00:00,,0,1,0,3,0,6,0,0,1,2014-02-18 00:00:00,1,RES. ANA/ANEEL N. 0,0,2014-02-18 00:00:00,
7,71,71321000,RIO CAVEIRAS,23,SANTA CATARINA,23166000,SÃO JOSÉ DO CERRITO,129,ENERCAN,,,129,ENERCAN,,,1,71660000,TRAVESSÃO ENERCAN,,-27.615,-50.7889,750,2230,0,0,0,0,0,0,0,0,0,0,0,2002-10-01 00:00:00,2003-03-01 00:00:00,,,2002-10-01 00:00:00,2003-03-01 00:00:00,,,,,,,,,,,,,,,2002-01-01 00:00:00,2003-07-01 00:00:00,0,1,0,3,0,6,0,0,1,2015-08-10 00:00:00,0,,0,,2015-08-10 00:00:00
8,82,82500200,RIO SÃO JOÃO,22,PARANÁ,22277000,TIJUCAS DO SUL,28,COPEL,,,28,COPEL,,,1,82230000,UHE CHAMINÉ - RESERV. VOSSOROCA,,-25.8167,-49.0667,250,158,1,0,1,0,1,0,0,0,0,0,1,1997-05-01 00:00:00,,,,1997-05-01 00:00:00,,,,2010-02-01 00:00:00,,,,,,,,,,,,1997-05-01 00:00:00,,0,0,0,3,0,7,0,0,1,2019-08-20 00:00:00,1,,0,,2019-08-20 00:00:00
8,82,82500200,RIO SÃO JOÃO,22,PARANÁ,22256000,SÃO JOSÉ DOS PINHAI,28,COPEL,,,28,COPEL,,,1,82230002,UHE VOSSOROCA - DEFLUÊNCIA,,-25.8167,-49.0781,,160,0,0,0,0,0,0,0,0,0,0,0,2000-04-01 00:00:00,2005-10-01 00:00:00,,,2000-04-01 00:00:00,2005-10-01 00:00:00,,,,,,,,,,,,,,,2000-04-01 00:00:00,2005-10-01 00:00:00,0,0,0,3,0,7,0,0,1,2016-09-08 00:00:00,0,,0,,2016-09-08 00:00:00
8,82,82500200,RIO SÃO JOÃO,22,PARANÁ,22256000,SÃO JOSÉ DOS PINHAI,28,COPEL,,,28,COPEL,,,1,82230005,UHE VOSSOROCA - DEFLUENCIA,,-25.8167,-49.0833,817,160,0,0,0,0,0,0,0,0,0,0,0,1949-11-01 00:00:00,2016-07-01 00:00:00,,,1949-11-01 00:00:00,2016-07-01 00:00:00,,,,,,,,,,,,,,,,,0,0,0,3,0,7,0,0,1,2016-07-07 00:00:00,0,,0,,2016-07-07 00:00:00
8,82,82500200,RIO SÃO JOÃO,22,PARANÁ,22256000,SÃO JOSÉ DOS PINHAI,28,COPEL,,,28,COPEL,,,1,82230010,UHE CHAMINÉ - RES. SALTO DO MEIO,,-25.8164,-49.0708,,252,1,0,1,0,1,0,0,0,0,0,1,1997-06-01 00:00:00,,,,1997-06-01 00:00:00,,,,2010-02-01 00:00:00,,,,,,,,,,,,1997-06-01 00:00:00,,0,0,0,3,0,7,0,0,1,2019-08-20 00:00:00,1,,0,,2019-08-20 00:00:00
8,82,82500200,RIO SÃO JOÃO,22,PARANÁ,22256000,SÃO JOSÉ DOS PINHAI,28,COPEL,,,28,COPEL,,,1,82230014,UHE CHAMINÉ - RES. VOSSOROCA - DEFLUENTE,,-25.8278,-48.9844,,252,0,0,0,0,0,0,0,0,0,0,0,,,,,1993-01-01 00:00:00,2001-12-01 00:00:00,,,,,,,,,,,,,,,,,0,0,0,3,0,7,0,0,5,2017-07-21 00:00:00,0,,0,,2017-07-21 00:00:00
8,82,82500200,RIO SÃO JOÃO,22,PARANÁ,22256000,SÃO JOSÉ DOS PINHAI,28,COPEL,,,28,COPEL,,1,1,82230015,UHE CHAMINÉ BARRAMENTO RES. SALTO DO MEIO,,-25.8081,-48.9944,726,273,1,0,1,0,1,0,0,0,0,0,1,1999-01-01 00:00:00,,,,2022-12-01 00:00:00,,,,2010-04-01 00:00:00,,,,,,,,,,,,1999-01-01 00:00:00,,0,1,0,3,0,6,0,3,0,2023-03-17 00:00:00,1,RES. ANA/ANEEL N. 0,0,,2023-03-17 00:00:00
8,82,82500200,RIO SÃO JOÃO,22,PARANÁ,22256000,SÃO JOSÉ DOS PINHAI,28,COPEL,,,28,COPEL,,,1,82230020,UHE CHAMINÉ DEFLUENCIA,,-25.8236,-48.9708,726,273,0,0,0,0,0,0,0,0,0,0,0,1930-01-01 00:00:00,2016-07-01 00:00:00,,,1930-01-01 00:00:00,2016-07-01 00:00:00,,,,,,,,,,,,,,,,,0,0,0,3,0,7,0,0,1,2016-09-23 00:00:00,0,,0,,2016-09-23 00:00:00
8,82,82500200,RIO SÃO JOÃO,22,PARANÁ,22256000,SÃO JOSÉ DOS PINHAI,28,COPEL,,,28,COPEL,,,1,82230800,SALTO DO TANQUE,,-25.8197,-48.9297,240,243,0,0,0,0,0,0,0,0,0,0,0,1928-04-01 00:00:00,1946-12-01 00:00:00,1928-04-01 00:00:00,1946-12-01 00:00:00,1928-04-01 00:00:00,1946-12-01 00:00:00,,,,,,,,,,,,,,,,,0,0,0,3,0,6,0,0,1,2018-12-19 00:00:00,0,,0,,2018-12-19 00:00:00
8,82,82500200,RIO SÃO JOÃO,22,PARANÁ,22256000,SÃO JOSÉ DOS PINHAI,28,COPEL,,,28,COPEL,,,1,82230805,BARRAGEM SÃO JOÃO,,-25.8053,-48.8653,200,425,0,0,0,0,0,0,0,0,0,0,0,1987-04-01 00:00:00,1988-04-01 00:00:00,,,1987-04-01 00:00:00,1988-04-01 00:00:00,,,,,,,,,,,,,,,,,0,0,0,3,0,6,0,0,1,2018-12-19 00:00:00,0,,0,,2018-12-19 00:00:00
8,82,82500000,RIO CUBATÃO,22,PARANÁ,22096000,GUARATUBA,28,COPEL,,,28,COPEL,,1,1,82234000,UHE GUARICANA RIO CUBATÃO,,-25.8181,-48.8072,9.69,780,1,0,1,1,0,0,0,0,0,0,1,1996-07-01 00:00:00,,,,1996-07-01 00:00:00,,2015-10-01 00:00:00,,,,,,,,,,,,,,2015-04-01 00:00:00,,0,1,0,3,0,6,0,0,1,2022-03-07 00:00:00,1,RES. ANA/ANEEL N. 0,0,,2022-03-07 00:00:00
8,82,82500000,RIO CUBATÃO,22,PARANÁ,22096000,GUARATUBA,52,IAT-PR,,,52,IAT-PR,,,1,82235000,CUBATÃO,,-25.8331,-48.7831,20,790,0,0,0,0,0,0,0,0,0,0,0,1992-04-01 00:00:00,1997-08-01 00:00:00,,,1992-04-01 00:00:00,1997-08-01 00:00:00,1992-04-01 00:00:00,1997-08-01 00:00:00,,,,,,,,,,,,,,,0,0,0,3,0,7,0,0,1,2010-11-30 00:00:00,0,,0,,2010-11-30 00:00:00
8,82,82501200,RIO QUIRIRI,22,PARANÁ,22096000,GUARATUBA,52,IAT-PR,,,52,IAT-PR,,,1,82250000,PEDRA BRANCA DO ARARAQUARA,,-25.9672,-48.8944,15,5.6,0,0,0,0,0,0,0,0,0,0,0,1962-06-01 00:00:00,1964-12-01 00:00:00,,,1962-06-01 00:00:00,1964-12-01 00:00:00,,,,,,,,,,,,,,,,,0,0,0,3,0,7,0,0,1,2017-07-21 00:00:00,0,,0,,2017-07-21 00:00:00
8,82,82501650,RIO IMBAÚVA,23,SANTA CATARINA,22096000,GUARATUBA,52,IAT-PR,,,52,IAT-PR,,,1,82252000,MORRO GRANDE,,-25.96,-48.7003,15,2.2,0,0,0,0,0,0,0,0,0,0,0,1972-08-01 00:00:00,1976-05-01 00:00:00,,,1972-08-01 00:00:00,1976-05-01 00:00:00,,,,,,,,,,,,,,,,,0,0,0,9,0,7,0,10,1,2017-07-21 00:00:00,0,,0,,2017-07-21 00:00:00
8,82,82510000,RIO CUBATÃO,23,SANTA CATARINA,23089000,JOINVILLE,15,CELESC,,,15,CELESC,,,1,82260000,SEGUNDO SALTO DO CUBATÃO,,-26.1925,-49.065,800,145,0,0,0,0,0,0,0,0,0,0,0,1949-11-01 00:00:00,1972-11-01 00:00:00,,,1949-11-01 00:00:00,1972-11-01 00:00:00,,,,,,,,,,,,,,,,,0,1,0,3,0,6,0,0,1,2016-09-23 00:00:00,0,,0,,2016-09-23 00:00:00
8,82,82510000,RIO CUBATÃO,23,SANTA CATARINA,23089000,JOINVILLE,1,ANA,27,1,1,ANA,,,1,82261001,PRIMEIRO SALTO DO CUBATÃO,,-26.1919,-49.1064,780,125,0,0,0,0,0,0,0,0,0,0,0,1951-10-01 00:00:00,2009-08-01 00:00:00,1981-09-01 00:00:00,2009-08-01 00:00:00,1951-10-01 00:00:00,2009-08-01 00:00:00,,,,,,,,,,,,,,,,,0,0,0,3,0,7,0,0,1,2010-03-24 00:00:00,0,,0,,2010-04-16 00:00:00
8,82,82501200,RIO QUIRIRI,23,SANTA CATARINA,23089000,JOINVILLE,1,ANA,27,1,1,ANA,,,1,82270000,QUIRIRI,,-26.1169,-49.0039,85,182,0,0,0,0,0,0,0,0,0,0,0,1955-11-01 00:00:00,1967-08-01 00:00:00,,,1955-11-01 00:00:00,1967-08-01 00:00:00,,,,,,,,,,,,,,,,,0,0,0,3,0,7,0,0,1,2019-10-08 00:00:00,0,,0,,2019-10-08 00:00:00
8,82,82510000,RIO CUBATÃO,23,SANTA CATARINA,23089000,JOINVILLE,1,ANA,27,1,94,EPAGRI-SC,23,4,1,82270050,PIRABEIRABA,,-26.18,-48.9394,,374,1,0,1,1,1,0,0,0,0,0,0,1985-05-01 00:00:00,,,,1985-05-01 00:00:00,,1997-04-01 00:00:00,,1994-06-01 00:00:00,,,,,,,,,,,,,,0,0,0,3,0,7,0,3,1,2023-06-21 00:00:00,1,,0,,2023-06-21 00:00:00
8,82,82501800,RIO NOVO,23,SANTA CATARINA,23044000,CORUPÁ,1,ANA,27,1,1,ANA,,,1,82290000,RIO NOVO,,-26.42,-49.3289,260,44,0,0,0,0,0,0,0,0,0,0,0,1943-04-01 00:00:00,1950-11-01 00:00:00,,,1943-04-01 00:00:00,1950-11-01 00:00:00,,,,,,,,,,,,,,,,,0,0,0,3,0,7,0,0,1,2017-07-21 00:00:00,0,,0,,2017-07-21 00:00:00
8,82,82501900,RIO CORREIA,23,SANTA CATARINA,23044000,CORUPÁ,1,ANA,27,1,1,ANA,,,1,82300000,RIO CORREIA,,-26.4161,-49.3664,450,69,0,0,0,0,0,0,0,0,0,0,0,1943-04-01 00:00:00,1950-11-01 00:00:00,,,1943-04-01 00:00:00,1945-06-01 00:00:00,,,,,,,,,,,,,,,,,0,0,0,3,0,7,0,0,1,2016-09-26 00:00:00,0,,0,,2016-09-26 00:00:00
8,82,82501800,RIO NOVO,23,SANTA CATARINA,23044000,CORUPÁ,1,ANA,27,1,94,EPAGRI-SC,23,4,1,82320000,CORUPÁ,,-26.4239,-49.2925,200,182,1,0,1,0,1,0,0,0,0,0,0,1945-09-01 00:00:00,,,,1945-09-01 00:00:00,,,,2012-01-01 00:00:00,,,,,,,,,,,,,,0,0,0,3,0,7,0,3,1,2023-06-21 00:00:00,1,,1,,2023-06-21 00:00:00
8,82,82411100,RIO VERMELHO,23,SANTA CATARINA,23156000,SÃO BENTO DO SUL,666,RIOVERMELHO,,,666,RIOVERMELHO,,1,1,82335000,CGH RIO VERMELHO JUSANTE,,-26.3247,-49.3247,569,67.28,1,0,1,1,0,0,0,0,0,0,1,2012-03-01 00:00:00,,,,2012-03-01 00:00:00,,2012-03-01 00:00:00,,,,,,,,,,,,,,2012-03-01 00:00:00,,0,1,0,3,0,6,0,0,1,2018-08-13 00:00:00,1,RES. ANA/ANEEL N. 0,0,2013-06-28 00:00:00,2018-08-13 00:00:00
8,82,82610000,RIO ITAPOCU,23,SANTA CATARINA,23087000,JARAGUÁ DO SUL,1,ANA,27,1,94,EPAGRI-SC,23,4,1,82350000,JARAGUÁ DO SUL,ANA,-26.48,-49.0808,37,794,0,0,1,1,1,0,0,0,0,0,1,1939-08-01 00:00:00,2021-12-01 00:00:00,1978-10-01 00:00:00,1985-09-01 00:00:00,1939-08-01 00:00:00,,1987-02-01 00:00:00,,1977-03-01 00:00:00,,,,,,,,,,,,2013-08-01 00:00:00,,1,0,0,3,0,7,1,3,1,2023-06-21 00:00:00,1,,0,,2023-06-21 00:00:00
8,82,82610020,RIO JARAGUÁ,23,SANTA CATARINA,23087000,JARAGUÁ DO SUL,1,ANA,27,1,1,ANA,,,1,82370000,RIO JARAGUÁ,,-26.4953,-49.0881,37,281,0,0,0,0,0,0,0,0,0,0,0,1944-07-01 00:00:00,2015-02-01 00:00:00,,,1944-07-01 00:00:00,2015-02-01 00:00:00,,,2012-01-01 00:00:00,2015-02-01 00:00:00,,,,,,,,,,,,,0,0,0,2,0,7,0,3,1,2018-06-25 00:00:00,0,,1,,2018-06-25 00:00:00
8,82,82610100,RIO ITAPOCUZINHO,23,SANTA CATARINA,23171000,SCHROEDER,1104,MANSO,,,1104,MANSO,,1,1,82410000,PCH ITAPOCUZINHO IIA MONTANTE,,-26.2944,-49.1567,653,62,1,0,1,1,0,0,0,0,0,0,1,2019-07-01 00:00:00,,,,2019-07-01 00:00:00,,2019-07-01 00:00:00,,,,,,,,,,,,,,2019-07-01 00:00:00,,0,1,0,3,0,6,0,0,1,2020-09-16 00:00:00,1,RES. ANA/ANEEL N. 0,0,2020-02-07 00:00:00,2020-09-16 00:00:00
8,82,82610100,RIO ITAPOCUZINHO,23,SANTA CATARINA,23171000,SCHROEDER,1104,MANSO,,,1104,MANSO,,1,1,82410050,PCH ITAPOUCUZINHO IIA BARRAMENTO,,-26.3022,-49.1536,650,65,1,0,1,0,0,0,0,0,0,0,1,2020-01-01 00:00:00,,,,2020-02-01 00:00:00,,,,,,,,,,,,,,,,2020-01-01 00:00:00,,0,1,0,3,0,6,0,0,1,2021-08-18 00:00:00,1,RES. ANA/ANEEL N. 0,0,2020-02-07 00:00:00,2021-08-18 00:00:00
8,82,82610040,RIO DO JÚLIO,23,SANTA CATARINA,23089000,JOINVILLE,15,CELESC,,,15,CELESC,,,1,82420000,RIO DO JÚLIO,,-26.2844,-49.1133,160,46.5,0,0,0,0,0,0,0,0,0,0,0,1947-12-01 00:00:00,1971-01-01 00:00:00,,,1947-12-01 00:00:00,1971-01-01 00:00:00,,,,,,,,,,,,,,,,,0,1,0,3,0,6,0,0,1,2016-09-26 00:00:00,0,,0,,2016-09-26 00:00:00
8,82,82610040,RIO DO JÚLIO,23,SANTA CATARINA,23089000,JOINVILLE,15,CELESC,,,15,CELESC,,,1,82420100,RIO DO JÚLIO RÉGUA 1,,-26.2667,-49.1,100,35.3,0,0,0,0,0,0,0,0,0,0,0,1946-02-01 00:00:00,1958-01-01 00:00:00,,,1946-02-01 00:00:00,1958-01-01 00:00:00,,,,,,,,,,,,,,,,,0,1,0,3,0,6,0,0,1,2007-09-03 00:00:00,0,,0,,
8,82,82610110,RIO BRACINHO,23,SANTA CATARINA,23171000,SCHROEDER,15,CELESC,23,,15,CELESC,23,1,1,82430100,PCH BRACINHO JUSANTE,,-26.3239,-49.0922,121,82.6,1,0,1,1,0,0,0,0,0,0,1,2016-10-01 00:00:00,,,,2016-10-01 00:00:00,,2016-10-01 00:00:00,,,,,,,,,,,,,,2016-10-01 00:00:00,,0,1,0,3,0,6,0,0,1,2020-02-21 00:00:00,1,RES. ANA/ANEEL N. 0,0,2020-02-20 00:00:00,2020-02-21 00:00:00
8,82,82610110,RIO BRACINHO,23,SANTA CATARINA,23171000,SCHROEDER,15,CELESC,,,15,CELESC,,,1,82490000,BRACINHO CANAL VERTIMENTO,,-26.3364,-49.1006,108.7,33.7,0,0,0,0,0,0,0,0,0,0,0,2004-08-01 00:00:00,2009-05-01 00:00:00,,,2004-09-01 00:00:00,2009-02-01 00:00:00,,,,,,,,,,,,,,,,,0,1,0,3,0,6,0,0,1,2017-07-24 00:00:00,0,,0,,2017-07-24 00:00:00
8,82,82610110,RIO BRACINHO,23,SANTA CATARINA,23171000,SCHROEDER,15,CELESC,,,15,CELESC,,1,1,82500000,BRACINHO JUSANTE,,-26.3361,-49.1006,130,82.6,0,0,0,0,0,0,0,0,0,0,0,2002-05-01 00:00:00,2016-09-01 00:00:00,,,2002-05-01 00:00:00,2016-09-01 00:00:00,,,,,,,,,,,,,,,,,0,1,0,3,0,6,0,0,1,2023-05-09 00:00:00,0,RES. ANA/ANEEL N. 0,0,,2023-05-09 00:00:00
8,82,82610100,RIO ITAPOCUZINHO,23,SANTA CATARINA,23171000,SCHROEDER,1,ANA,27,1,94,EPAGRI-SC,23,4,1,82549000,SCHROEDER,ANA,-26.4392,-49.0628,60,358,0,0,1,0,1,0,0,0,0,0,1,1976-09-01 00:00:00,2021-12-01 00:00:00,,,1976-09-01 00:00:00,,,,2012-01-01 00:00:00,,,,,,,,,,,,2013-08-01 00:00:00,,0,0,0,3,0,7,1,3,1,2023-06-21 00:00:00,1,TELEMÉTRICA - VAISA,1,,2023-06-21 00:00:00
8,82,82610000,RIO ITAPOCU,23,SANTA CATARINA,23161400,SÃO JOÃO DO ITAPERI,61,CHM,,,61,CHM,,,1,82670000,PORTO LIMOEIRO,,-26.5514,-48.7453,,2140,1,0,1,0,0,0,0,0,0,0,0,1977-04-01 00:00:00,,,,1977-04-01 00:00:00,,,,,,,,,,,,,,,,,,0,0,0,3,0,7,0,0,1,2011-11-09 00:00:00,1,,0,,2011-11-09 00:00:00
8,82,82610300,RIO PIRAÍ,23,SANTA CATARINA,23089000,JOINVILLE,1,ANA,27,1,94,EPAGRI-SC,23,4,1,82769800,ESTRADA DOS MORROS,,-26.2489,-48.9783,,30,1,0,1,0,1,0,0,0,0,0,0,1986-05-01 00:00:00,,,,1986-05-01 00:00:00,,1994-06-01 00:00:00,2000-10-01 00:00:00,1994-06-01 00:00:00,,,,,,,,,,,,,,0,0,0,3,0,7,0,3,1,2023-06-21 00:00:00,1,,2,,2023-06-21 00:00:00
8,82,82610300,RIO PIRAÍ,23,SANTA CATARINA,23089000,JOINVILLE,15,CELESC,,,15,CELESC,,,1,82769900,PCH PIRAI JUSANTE,,-26.2953,-49.0172,146,,0,0,0,0,0,0,0,0,0,0,0,2002-07-01 00:00:00,2011-12-01 00:00:00,,,2002-10-01 00:00:00,2011-12-01 00:00:00,,,,,,,,,,,,,,,,,0,1,0,3,0,6,0,0,1,2019-12-23 00:00:00,0,,0,,2019-12-23 00:00:00
8,82,82610300,RIO PIRAÍ,23,SANTA CATARINA,23013000,ARAQUARI,1,ANA,27,1,94,EPAGRI-SC,23,4,1,82770000,PONTE SC-301,,-26.4481,-48.8311,8,392,1,0,1,1,1,0,0,0,0,0,0,1977-04-01 00:00:00,,,,1977-04-01 00:00:00,,2002-12-01 00:00:00,,2002-12-01 00:00:00,,,,,,,,,,,,,,0,0,0,2,0,7,0,3,1,2023-06-21 00:00:00,1,,1,,2023-06-21 00:00:00
8,83,83100400,RIBEIRÃO GRANDE,23,SANTA CATARINA,23151000,SALETE,1,ANA,27,1,94,EPAGRI-SC,23,,1,83010000,PONTE MORATELLI,,-26.9689,-50.0017,,119,0,0,0,0,0,0,0,0,0,0,0,2012-08-01 00:00:00,2018-01-01 00:00:00,,,2012-08-01 00:00:00,2018-01-01 00:00:00,,,2012-08-01 00:00:00,2018-01-01 00:00:00,,,,,,,,,,,2012-08-01 00:00:00,2018-01-01 00:00:00,0,0,0,3,1,7,1,3,1,2018-06-26 00:00:00,0,,0,2013-02-25 00:00:00,2018-06-26 00:00:00
8,83,83100000,RIO ITAJAÍ DO OESTE,23,SANTA CATARINA,23175000,TAIÓ,1039,HEIDRICH,,,1039,HEIDRICH,,1,1,83020000,PCH RUDOLF MONTANTE,,-26.9914,-50.1711,477.88,176,1,0,1,1,0,0,0,0,0,0,1,2015-12-01 00:00:00,,,,2015-12-01 00:00:00,,2015-12-01 00:00:00,,,,,,,,,,,,,,2015-12-01 00:00:00,,0,1,0,3,0,6,0,0,1,2017-07-11 00:00:00,1,RES. ANA/ANEEL N. 0,0,,2017-07-11 00:00:00
8,83,83100300,RIO DA VARGEM,23,SANTA CATARINA,23175000,TAIÓ,185,HEIDRICH,,,185,HEIDRICH,,,1,83027000,CGH ERNA HEIDRICH,,-27.0972,-50.0719,382,111,0,0,0,0,0,0,0,0,0,0,0,2007-12-01 00:00:00,2017-01-01 00:00:00,,,2007-12-01 00:00:00,2017-01-01 00:00:00,,,,,,,,,,,,,,,,,0,1,0,3,0,6,0,0,1,2017-01-12 00:00:00,0,,0,,2017-01-12 00:00:00
8,83,83100000,RIO ITAJAÍ DO OESTE,23,SANTA CATARINA,23175000,TAIÓ,1,ANA,27,1,94,EPAGRI-SC,23,5,1,83029900,BARRAGEM TAIÓ MONTANTE,,-27.0397,-50.1242,,648,1,0,1,0,1,0,0,0,0,0,1,1984-05-01 00:00:00,,,,1984-05-01 00:00:00,,,,2012-01-01 00:00:00,,,,,,,,,,,,2012-10-01 00:00:00,,1,0,0,2,1,7,1,3,1,2023-06-06 00:00:00,1,TELEMÉTRICA - OTT_G,0,2022-03-03 00:00:00,2023-06-06 00:00:00
8,83,83100300,RIO DA VARGEM,23,SANTA CATARINA,23175000,TAIÓ,185,HEIDRICH,,,185,HEIDRICH,,,1,83029950,ERNA,,-27.0972,-50.0719,382,111,0,0,0,0,0,0,0,0,0,0,0,2007-12-01 00:00:00,2012-12-01 00:00:00,,,2007-12-01 00:00:00,2012-12-01 00:00:00,,,,,,,,,,,,,,,,,0,1,0,3,0,6,0,0,1,2013-03-25 00:00:00,0,,0,,2013-03-25 00:00:00
8,83,83100000,RIO ITAJAÍ DO OESTE,23,SANTA CATARINA,23175000,TAIÓ,1,ANA,27,1,94,EPAGRI-SC,23,5,1,83030000,BARRAGEM OESTE,ANA,-27.0972,-50.0386,340,854,1,0,1,0,1,0,0,0,0,0,1,1966-07-01 00:00:00,,,,2017-01-01 00:00:00,,,,2017-01-01 00:00:00,,,,,,,,,,,,2002-02-01 00:00:00,,0,0,0,2,1,6,1,0,0,2023-06-06 00:00:00,1,TELEMÉTRICA - VAISA,0,,2023-06-06 00:00:00
8,83,83100400,RIBEIRÃO GRANDE,23,SANTA CATARINA,23151000,SALETE,1,ANA,27,1,94,EPAGRI-SC,23,6,1,83035000,PONTE MORATELLI,ANA,-26.9689,-50.0017,,119,0,0,1,0,1,0,0,0,0,0,1,2013-02-01 00:00:00,2021-12-01 00:00:00,,,2017-05-01 00:00:00,,,,2017-05-01 00:00:00,,,,,,,,,,,,2018-01-01 00:00:00,,0,0,0,3,1,7,1,3,1,2023-06-06 00:00:00,1,TELEMÉTRICA - OTT_G,0,2018-01-12 00:00:00,2023-06-06 00:00:00
8,83,83100600,RIO TAIO,23,SANTA CATARINA,23106500,MIRIM DOCE,1,ANA,27,1,94,EPAGRI-SC,23,5,1,83040000,MIRIM DOCE,ANA,-27.2006,-50.0708,,346,0,0,1,0,1,0,0,0,0,0,1,2012-10-01 00:00:00,2021-12-01 00:00:00,,,2017-10-01 00:00:00,,,,2017-10-01 00:00:00,,,,,,,,,,,,2012-10-01 00:00:00,,0,0,0,3,0,7,1,3,1,2023-06-06 00:00:00,1,TELEMÉTRICA - OTT_G,0,2013-02-25 00:00:00,2023-06-06 00:00:00
8,83,83100000,RIO ITAJAÍ DO OESTE,23,SANTA CATARINA,23175000,TAIÓ,1,ANA,27,1,94,EPAGRI-SC,23,5,1,83050000,TAIÓ,ANA,-27.1139,-49.9953,360,1570,1,0,1,1,1,0,0,0,0,0,1,1929-04-01 00:00:00,,,,1934-12-01 00:00:00,,1997-03-01 00:00:00,,1986-04-01 00:00:00,,,,,,,,,,,,1996-05-01 00:00:00,,1,0,0,2,1,1,1,3,1,2023-06-19 00:00:00,1,TELEMÉTRICA - OTT_G,1,,2023-06-19 00:00:00
8,83,83100000,RIO ITAJAÍ DO OESTE,23,SANTA CATARINA,23144000,RIO DO OESTE,420,CONS.CESAP,,,420,CONS.CESAP,,1,1,83059000,UHE SALTO PILÃO RIO DO OESTE,,-27.1986,-49.7856,345,2300,1,0,1,1,0,0,0,0,0,0,1,2009-01-01 00:00:00,,,,2009-01-01 00:00:00,,2011-09-01 00:00:00,,,,,,,,,,,,,,2009-03-01 00:00:00,,0,1,0,3,0,6,0,0,1,2016-10-05 00:00:00,1,RES. ANA/ANEEL N. 0,0,,2016-10-05 00:00:00
8,83,83100900,RIO DAS POMBAS,23,SANTA CATARINA,23135000,POUSO REDONDO,1,ANA,27,1,1,ANA,,,1,83060000,POUSO REDONDO,,-27.2572,-49.9408,353,140,0,0,0,0,0,0,0,0,0,0,0,1927-11-01 00:00:00,1967-08-01 00:00:00,,,1934-12-16 00:00:00,1966-04-21 00:00:00,,,,,,,,,,,,,,,,,0,0,0,3,0,7,0,0,1,2005-08-05 00:00:00,0,,0,,
8,83,83110000,RIO TROMBUDO,23,SANTA CATARINA,23183000,TROMBUDO CENTRAL,1,ANA,27,1,94,EPAGRI-SC,23,5,1,83069900,VILA NOVA,,-27.3119,-49.7964,,397,1,0,1,0,1,0,0,0,0,0,0,1984-05-01 00:00:00,,,,1984-05-01 00:00:00,,,,2012-01-01 00:00:00,,,,,,,,,,,,,,0,0,0,3,0,7,0,3,1,2023-06-06 00:00:00,1,,0,,2023-06-06 00:00:00
8,83,83110000,RIO TROMBUDO,23,SANTA CATARINA,23183000,TROMBUDO CENTRAL,1,ANA,27,1,1,ANA,,,1,83070000,TROMBUDO CENTRAL,,-27.2894,-49.7694,350,561,0,0,0,0,0,0,0,0,0,0,0,1942-06-01 00:00:00,1967-08-01 00:00:00,,,1942-06-01 00:00:00,1966-08-01 00:00:00,,,,,,,,,,,,,,,,,0,0,0,3,0,7,0,0,1,2017-07-12 00:00:00,0,,0,,2017-07-12 00:00:00
8,83,83200100,RIO ADAGA,23,SANTA CATARINA,23007000,ALFREDO WAGNER,1,ANA,27,1,1,ANA,,,1,83095000,BARRACÃO,,-27.6931,-49.3161,464,160,0,0,0,0,0,0,0,0,0,0,0,1929-11-01 00:00:00,1955-09-01 00:00:00,,,1934-12-01 00:00:00,1952-03-01 00:00:00,,,,,,,,,,,,,,,,,1,0,0,3,0,7,0,0,1,2017-07-12 00:00:00,0,,0,,2017-07-12 00:00:00
8,83,83200000,RIO ITAJAÍ DO SUL,23,SANTA CATARINA,23007000,ALFREDO WAGNER,1,ANA,27,1,1,ANA,,,1,83100000,BARRACÃO,,-27.6944,-49.3325,460,416,0,0,0,0,0,0,0,0,0,0,0,1955-09-01 00:00:00,1976-07-01 00:00:00,,,1955-09-01 00:00:00,1979-07-01 00:00:00,,,,,,,,,,,,,,,,,0,0,0,3,0,7,0,0,1,2017-07-12 00:00:00,0,,0,,2017-07-12 00:00:00
8,83,83200200,RIO CAETÉ,23,SANTA CATARINA,23007000,ALFREDO WAGNER,1,ANA,27,1,94,EPAGRI-SC,23,5,1,83101000,BAIXO CAETÉ,,-27.705,-49.3344,475,165,1,0,1,0,1,0,0,0,0,0,0,2004-10-01 00:00:00,,,,2004-10-01 00:00:00,,,,2004-10-01 00:00:00,,,,,,,,,,,,,,0,0,0,3,0,7,0,3,1,2023-06-06 00:00:00,1,,0,,2023-06-06 00:00:00
8,83,26620000,RIO ÁGUA FRIA,23,SANTA CATARINA,23007000,ALFREDO WAGNER,1,ANA,,,94,EPAGRI-SC,,,1,83102000,ÁGUAS FRIAS,,-27.7061,-49.3444,484,85.45,0,0,0,0,0,0,0,0,0,0,0,2004-10-01 00:00:00,2006-07-01 00:00:00,,,2004-10-01 00:00:00,2006-07-01 00:00:00,,,,,,,,,,,,,,,,,1,0,0,3,0,7,0,0,1,2023-06-02 00:00:00,0,,0,2022-03-03 00:00:00,2023-06-02 00:00:00
8,83,83200000,RIO ITAJAÍ DO SUL,23,SANTA CATARINA,23007000,ALFREDO WAGNER,1,ANA,27,1,94,EPAGRI-SC,23,5,1,83105000,SALTINHO,ANA,-27.6839,-49.3631,454,434,1,0,1,0,1,0,0,0,0,0,1,1974-07-01 00:00:00,,,,1974-07-01 00:00:00,,,,2012-01-01 00:00:00,,,,,,,,,,,,2006-08-01 00:00:00,,0,0,0,2,1,7,1,3,1,2023-06-19 00:00:00,1,TELEMÉTRICA - OTT_G,0,,2023-06-19 00:00:00
8,83,83200000,RIO ITAJAÍ DO SUL,23,SANTA CATARINA,23007000,ALFREDO WAGNER,1,ANA,27,1,1,ANA,,,1,83120000,JARARACA,,-27.6,-49.45,400,653,0,0,0,0,0,0,0,0,0,0,0,1930-02-01 00:00:00,1955-06-01 00:00:00,,,1934-12-19 00:00:00,1955-06-14 00:00:00,,,,,,,,,,,,,,,,,0,0,0,3,0,7,0,0,1,2005-09-30 00:00:00,0,,0,,
8,83,83203000,RIO SALTO,23,SANTA CATARINA,23007000,ALFREDO WAGNER,1,ANA,27,1,94,EPAGRI-SC,23,5,1,83130000,CHAPADÃO DO LAGEADO,ANA,-27.6,-49.5061,421,98,0,0,0,0,0,0,0,0,0,0,0,2012-08-01 00:00:00,2021-12-01 00:00:00,,,2012-08-01 00:00:00,2021-12-01 00:00:00,,,2012-08-01 00:00:00,2021-12-01 00:00:00,,,,,,,,,,,2012-08-01 00:00:00,2021-12-01 00:00:00,0,0,0,3,1,7,1,3,1,2023-05-16 00:00:00,0,TELEMÉTRICA - OTT_G,0,2013-02-25 00:00:00,2023-05-16 00:00:00
8,83,83205500,RIO PERIMBO,23,SANTA CATARINA,23084000,ITUPORANGA,1,ANA,27,1,1,ANA,,,1,83200000,BARRA DO PERIMBO,,-27.4161,-49.6042,380,210,0,0,0,0,0,0,0,0,0,0,0,1962-02-01 00:00:00,1967-08-01 00:00:00,,,1962-02-01 00:00:00,1966-04-01 00:00:00,,,,,,,,,,,,,,,,,0,0,0,3,0,7,0,0,1,2017-07-12 00:00:00,0,,0,,2017-07-12 00:00:00
8,83,83200000,RIO ITAJAÍ DO SUL,23,SANTA CATARINA,23084000,ITUPORANGA,1,ANA,27,1,94,EPAGRI-SC,23,5,1,83250000,ITUPORANGA,ANA,-27.3986,-49.6058,370,1650,1,0,1,1,1,0,0,0,0,0,1,1929-04-01 00:00:00,,,,1929-04-01 00:00:00,,1997-03-01 00:00:00,,1986-04-01 00:00:00,,,,,,,,,,,,1996-05-01 00:00:00,,1,0,0,2,1,7,1,3,1,2023-06-06 00:00:00,1,TELEMÉTRICA - VAISA,0,,2023-06-06 00:00:00
8,83,83200000,RIO ITAJAÍ DO SUL,23,SANTA CATARINA,23019000,AURORA,420,CONS.CESAP,,,420,CONS.CESAP,,1,1,83270000,UHE SALTO PÍLÃO AURORA,,-27.2936,-49.6506,338,1990,1,0,1,0,0,0,0,0,0,0,1,2009-03-01 00:00:00,,,,2009-03-01 00:00:00,,,,,,,,,,,,,,,,2009-03-01 00:00:00,,0,1,0,2,0,6,0,0,1,2019-07-09 00:00:00,1,RES. ANA/ANEEL N. 0,0,,2019-07-09 00:00:00
8,83,83200000,RIO ITAJAÍ DO SUL,23,SANTA CATARINA,23145000,RIO DO SUL,1,ANA,27,1,1,ANA,,,1,83300000,RIO DO SUL,,-27.2078,-49.6292,354,2030,0,0,0,0,0,0,0,0,0,0,0,1927-11-01 00:00:00,1948-11-01 00:00:00,,,1934-12-01 00:00:00,1941-10-01 00:00:00,,,,,,,,,,,,,,,,,0,0,0,3,0,7,0,0,1,2017-07-13 00:00:00,0,,0,,2017-07-13 00:00:00
8,83,83001000,RIO ITAJAÍ-AÇU,23,SANTA CATARINA,23145000,RIO DO SUL,1,ANA,27,1,1,ANA,,,1,83300002,RIO DO SUL,,-27.2075,-49.6253,350,5160,0,0,0,0,0,0,0,0,0,0,0,1940-04-01 00:00:00,1980-02-01 00:00:00,,,1940-04-01 00:00:00,1979-08-01 00:00:00,,,1977-02-01 00:00:00,1979-02-01 00:00:00,,,,,,,,,,,,,0,0,0,2,0,7,0,10,0,2018-06-26 00:00:00,0,,0,,2018-06-26 00:00:00
8,83,83001000,RIO ITAJAÍ-AÇU,23,SANTA CATARINA,23145000,RIO DO SUL,1,ANA,27,1,94,EPAGRI-SC,23,5,1,83300200,RIO DO SUL - NOVO,ANA,-27.2078,-49.6292,350,5160,1,0,1,1,1,0,0,0,0,0,1,1978-04-01 00:00:00,,1978-04-01 00:00:00,1997-02-01 00:00:00,1978-02-01 00:00:00,,1979-02-01 00:00:00,,1977-02-01 00:00:00,,,,,,,,,,,,1997-02-01 00:00:00,,1,0,1,2,1,7,1,3,1,2023-06-06 00:00:00,1,TELEMÉTRICA - OTT_G,0,,2023-06-06 00:00:00
8,83,83400800,RIO CONCÓRDIA,23,SANTA CATARINA,23097000,LONTRAS,94,EPAGRI-SC,,,94,EPAGRI-SC,,,1,83301000,LONTRAS,EPAGRI,-27.1794,-49.5289,342,30.9,1,0,1,1,1,0,0,0,0,0,0,2005-05-01 00:00:00,,,,2005-05-01 00:00:00,,2005-05-01 00:00:00,,2005-05-01 00:00:00,,,,,,,,,,,,2005-05-01 00:00:00,2016-05-01 00:00:00,0,0,0,4,0,7,0,3,1,2018-10-15 00:00:00,1,,1,,2018-10-15 00:00:00
8,83,83300000,RIO ITAJAÍ DO NORTE OU HERCÍLIO,23,SANTA CATARINA,23120000,PAPANDUVA,118,RTK,,,118,RTK,,,1,83330000,IRAPUTÃ,,-26.5181,-50.1097,460,747,0,0,0,0,0,0,0,0,0,0,0,2008-06-01 00:00:00,2012-12-01 00:00:00,,,2008-06-01 00:00:00,2012-12-01 00:00:00,2008-06-01 00:00:00,2012-12-01 00:00:00,,,,,,,,,,,,,,,0,1,0,3,0,6,0,0,1,2013-03-26 00:00:00,0,,0,,2013-03-26 00:00:00
8,83,83300000,RIO ITAJAÍ DO NORTE OU HERCÍLIO,23,SANTA CATARINA,23155000,SANTA TEREZINHA,118,RTK,,,118,RTK,,,1,83340000,SALTO TAVARES,,-26.6011,-49.9069,340,1140,0,0,0,0,0,0,0,0,0,0,0,2008-05-01 00:00:00,2012-12-01 00:00:00,,,2008-05-01 00:00:00,2012-12-01 00:00:00,2008-05-01 00:00:00,2012-12-01 00:00:00,,,,,,,,,,,,,,,0,1,0,3,0,6,0,0,1,2013-03-26 00:00:00,0,,0,,2013-03-26 00:00:00
8,83,83300000,RIO ITAJAÍ DO NORTE OU HERCÍLIO,23,SANTA CATARINA,23155000,SANTA TEREZINHA,1,ANA,27,1,94,EPAGRI-SC,23,6,1,83345000,BARRA DO PRATA,ANA,-26.6983,-49.8311,450,1430,1,0,1,1,1,0,0,0,0,0,1,1977-11-01 00:00:00,,,,1977-11-01 00:00:00,,1978-09-01 00:00:00,,1997-07-01 00:00:00,,,,,,,,,,,,2011-11-01 00:00:00,,1,0,0,3,1,7,1,3,1,2023-06-06 00:00:00,1,TELEMÉTRICA - VAISA,0,,2023-06-06 00:00:00
8,83,83300000,RIO ITAJAÍ DO NORTE OU HERCÍLIO,23,SANTA CATARINA,23089400,JOSÉ BOITEUX,420,CONS.CESAP,,,420,CONS.CESAP,,1,1,83349600,UHE SALTO PILÃO BARRAMENTO BOITEUX,,-26.8992,-49.6628,253,2420,1,0,1,0,0,0,0,0,0,0,1,2009-03-01 00:00:00,,,,2009-03-01 00:00:00,,,,,,,,,,,,,,,,2009-03-01 00:00:00,,0,1,0,3,0,6,0,0,1,2016-12-01 00:00:00,1,RES. ANA/ANEEL N. 0,0,,2016-12-01 00:00:00
8,83,83300000,RIO ITAJAÍ DO NORTE OU HERCÍLIO,23,SANTA CATARINA,23089400,JOSÉ BOITEUX,1,ANA,27,1,94,EPAGRI-SC,23,6,1,83360000,JOSÉ BOITEUX,ANA,-26.9556,-49.6331,258,2480,0,0,1,0,1,0,0,0,0,0,1,2012-08-01 00:00:00,2021-12-01 00:00:00,,,2017-08-01 00:00:00,,,,2017-08-01 00:00:00,,,,,,,,,,,,2012-08-01 00:00:00,,1,0,0,3,1,7,1,0,0,2023-06-06 00:00:00,1,TELEMÉTRICA - VAISA,0,2013-02-26 00:00:00,2023-06-06 00:00:00
8,83,83300000,RIO ITAJAÍ DO NORTE OU HERCÍLIO,23,SANTA CATARINA,23089400,JOSÉ BOITEUX,193,MAFRAS,,,193,MAFRAS,,1,1,83370000,CGH MAFRÁS JOSÉ BOITEUX,,-26.9889,-49.6169,257,2512,1,0,1,1,0,0,0,0,0,0,1,2012-03-01 00:00:00,,,,2012-03-01 00:00:00,,2012-03-01 00:00:00,,,,,,,,,,,,,,2012-03-01 00:00:00,,0,1,0,3,0,6,0,0,1,2023-03-23 00:00:00,1,RES. ANA/ANEEL N. 0,0,2013-05-16 00:00:00,2023-03-23 00:00:00
8,83,83325000,RIO KRAUEL,23,SANTA CATARINA,23050000,DONA EMMA,565,KUHLEMANN,,,565,KUHLEMANN,,1,1,83371000,CGH KARL KUHLEMANN MONTANTE,,-26.9694,-49.6883,363,189.62,1,0,1,1,0,0,0,0,0,0,1,2013-08-01 00:00:00,,,,2013-08-01 00:00:00,,2013-08-01 00:00:00,,,,,,,,,,,,,,2013-08-01 00:00:00,,0,1,0,3,0,6,0,0,1,2018-04-16 00:00:00,1,RES. ANA/ANEEL N. 0,0,2014-04-08 00:00:00,2018-04-16 00:00:00
8,83,83325000,RIO KRAUEL,23,SANTA CATARINA,23138000,PRESIDENTE GETÚLIO,537,FIBRA,,,537,FIBRA,,1,1,83372100,CGH HELENA KUHLEMANN JUSANTE,,-26.9989,-49.6539,260,305.53,1,0,1,1,0,0,0,0,0,0,1,2013-06-01 00:00:00,,,,2013-06-01 00:00:00,,2013-06-01 00:00:00,,,,,,,,,,,,,,2013-06-01 00:00:00,,0,1,0,3,0,6,0,0,1,2018-05-02 00:00:00,1,RES. ANA/ANEEL N. 0,0,2015-09-18 00:00:00,2018-05-02 00:00:00
8,83,83300000,RIO ITAJAÍ DO NORTE OU HERCÍLIO,23,SANTA CATARINA,23068000,IBIRAMA,193,MAFRAS,,,193,MAFRAS,,1,1,83380000,CGH MAFRÁS JUSANTE,,-27.0322,-49.5869,253,3176,1,0,1,1,0,0,0,0,0,0,1,2012-02-01 00:00:00,,,,2012-02-01 00:00:00,,2012-02-01 00:00:00,,,,,,,,,,,,,,2012-02-01 00:00:00,,0,1,0,3,0,6,0,0,1,2023-03-23 00:00:00,1,RES. ANA/ANEEL N. 0,0,2013-05-16 00:00:00,2023-03-23 00:00:00
8,83,83300000,RIO ITAJAÍ DO NORTE OU HERCÍLIO,23,SANTA CATARINA,23068000,IBIRAMA,193,MAFRAS,,,193,MAFRAS,,,1,83390000,DALBERGIA,,-27.0275,-49.5803,,3170,0,0,0,0,0,0,0,0,0,0,0,2005-03-01 00:00:00,2012-12-01 00:00:00,,,2005-03-01 00:00:00,2012-12-01 00:00:00,,,,,,,,,,,,,,,,,0,1,0,2,0,6,0,0,1,2013-02-27 00:00:00,0,,0,,2013-02-27 00:00:00
8,83,83325000,RIO KRAUEL,23,SANTA CATARINA,23138000,PRESIDENTE GETÚLIO,1,ANA,27,1,1,ANA,,,1,83401000,PRESIDENTE GETÚLIO,,-27.0497,-49.6178,250,330,0,0,0,0,0,0,0,0,0,0,0,1929-04-01 00:00:00,1963-05-01 00:00:00,,,1934-12-01 00:00:00,1940-08-01 00:00:00,,,,,,,,,,,,,,,,,0,0,0,3,0,7,0,0,1,2017-07-13 00:00:00,0,,0,,2017-07-13 00:00:00
8,83,83325000,RIO KRAUEL,23,SANTA CATARINA,23138000,PRESIDENTE GETÚLIO,193,MAFRAS,,,193,MAFRAS,,1,1,83402000,CGH MAFRÁS GETÚLIO VARGAS,,-27.0378,-49.6114,253,591,1,0,1,0,0,0,0,0,0,0,1,2012-03-01 00:00:00,,,,2012-03-01 00:00:00,,,,,,,,,,,,,,,,2012-03-01 00:00:00,,0,1,0,3,0,6,0,0,1,2023-03-23 00:00:00,1,RES. ANA/ANEEL N. 0,0,2013-05-16 00:00:00,2023-03-23 00:00:00
8,83,83300000,RIO ITAJAÍ DO NORTE OU HERCÍLIO,23,SANTA CATARINA,23068000,IBIRAMA,566,IBIRAMA,,,566,IBIRAMA,,1,1,83429000,PCH IBIRAMA MONTANTE,,-27.0344,-49.5681,241,3173,0,0,0,0,0,0,0,0,0,0,0,2013-07-01 00:00:00,2019-04-01 00:00:00,,,2013-07-01 00:00:00,2019-04-01 00:00:00,2013-07-01 00:00:00,2019-04-01 00:00:00,,,,,,,,,,,,,2013-07-01 00:00:00,2019-04-01 00:00:00,0,1,0,3,0,6,0,0,1,2020-09-10 00:00:00,0,RES. ANA/ANEEL N. 0,0,2020-05-26 00:00:00,2020-09-10 00:00:00
8,83,83300000,RIO ITAJAÍ DO NORTE OU HERCÍLIO,23,SANTA CATARINA,23068000,IBIRAMA,566,IBIRAMA,,,566,IBIRAMA,,1,1,83430000,PCH IBIRAMA BARRAMENTO,,-27.0375,-49.5686,226,3173.38,1,0,1,0,1,0,0,0,0,0,1,2013-06-01 00:00:00,,,,2013-06-01 00:00:00,,,,2013-06-01 00:00:00,,,,,,,,,,,,2013-06-01 00:00:00,,0,1,0,3,0,6,0,0,0,2020-09-09 00:00:00,1,RES. ANA/ANEEL N. 0,0,2014-03-07 00:00:00,2020-09-09 00:00:00
8,83,83300000,RIO ITAJAÍ DO NORTE OU HERCÍLIO,23,SANTA CATARINA,23068000,IBIRAMA,1,ANA,27,1,94,EPAGRI-SC,23,6,1,83440000,IBIRAMA,,-27.0539,-49.5167,151,3330,0,0,1,1,1,0,0,0,0,0,1,1928-12-01 00:00:00,2021-12-01 00:00:00,1985-11-01 00:00:00,1996-05-01 00:00:00,1928-12-01 00:00:00,,1997-04-01 00:00:00,,1986-04-01 00:00:00,,,,,,,,,,,,1996-05-01 00:00:00,,1,0,0,3,0,6,1,3,1,2023-06-19 00:00:00,1,TELEMÉTRICA,0,,2023-06-19 00:00:00
8,83,83300000,RIO ITAJAÍ DO NORTE OU HERCÍLIO,23,SANTA CATARINA,23068000,IBIRAMA,15,CELESC,,,15,CELESC,,1,1,83441000,PCH SALTO RIO ITAJAÍ DO NORTE,,-27.0536,-49.5164,153,3314,1,0,1,1,0,0,0,0,0,0,1,2002-04-01 00:00:00,,,,2002-04-01 00:00:00,,2011-06-01 00:00:00,,,,,,,,,,,,,,2003-12-01 00:00:00,,0,1,0,3,0,6,0,0,1,2019-09-23 00:00:00,1,RES. ANA/ANEEL N. 0,0,2016-06-17 00:00:00,2019-09-23 00:00:00
8,83,83001000,RIO ITAJAÍ-AÇU,23,SANTA CATARINA,23097000,LONTRAS,420,CONS.CESAP,,,420,CONS.CESAP,,1,1,83458000,UHE SALTO PILÃO BARRAMENTO,,-27.1372,-49.5189,,,1,0,1,0,0,0,0,0,0,0,1,2009-01-01 00:00:00,,,,2020-08-01 00:00:00,,,,,,,,,,,,,,,,2009-03-01 00:00:00,,0,1,0,2,0,6,0,0,0,2021-08-18 00:00:00,1,RES. ANA/ANEEL N. 0,0,2013-05-23 00:00:00,2021-08-18 00:00:00
8,83,83001000,RIO ITAJAÍ-AÇU,23,SANTA CATARINA,23012500,APIÚNA,420,CONS.CESAP,,,420,CONS.CESAP,,1,1,83461000,UHE SALTO PILÃO JUSANTE,,-27.0969,-49.4658,120,8920,1,0,1,1,0,0,0,0,0,0,1,2009-01-01 00:00:00,,,,2009-03-01 00:00:00,,2011-09-01 00:00:00,,,,,,,,,,,,,,2009-03-01 00:00:00,,0,1,0,2,0,6,0,0,1,2019-07-09 00:00:00,1,RES. ANA/ANEEL N. 0,0,,2019-07-09 00:00:00
8,83,83325500,RIO NEISE CENTRAL,23,SANTA CATARINA,23074000,INDAIAL,1,ANA,27,1,1,ANA,,,1,83480000,NEISSE CENTRAL,,-27.0667,-49.35,200,238,0,0,0,0,0,0,0,0,0,0,0,1942-06-01 00:00:00,1967-08-01 00:00:00,,,1942-06-09 00:00:00,1966-08-29 00:00:00,,,,,,,,,,,,,,,,,0,0,0,3,0,7,0,0,1,2005-09-30 00:00:00,0,,0,,
8,83,83001000,RIO ITAJAÍ-AÇU,23,SANTA CATARINA,23012500,APIÚNA,1,ANA,27,1,94,EPAGRI-SC,23,6,1,83500000,APIÚNA - RÉGUA NOVA,ANA,-27.0375,-49.3919,93,9070,1,0,1,1,1,0,0,0,0,0,1,1995-10-01 00:00:00,,,,1997-07-01 00:00:00,,1998-01-01 00:00:00,,1997-07-01 00:00:00,,,,,,,,,,,,1995-09-01 00:00:00,,0,0,0,2,1,7,1,3,1,2023-06-06 00:00:00,1,TELEMÉTRICA - VAISA,0,2022-03-03 00:00:00,2023-06-06 00:00:00
8,83,83001000,RIO ITAJAÍ-AÇU,23,SANTA CATARINA,23012500,APIÚNA,1,ANA,27,1,1,ANA,,,1,83500002,APIÚNA,,-27.0375,-49.3919,93,9070,0,0,0,0,0,0,0,0,0,0,0,1927-10-01 00:00:00,1997-01-01 00:00:00,1971-08-01 00:00:00,1997-01-01 00:00:00,1927-10-01 00:00:00,1997-10-01 00:00:00,1981-03-01 00:00:00,1997-10-01 00:00:00,1994-05-01 00:00:00,1997-12-01 00:00:00,,,,,,,,,,,,,1,0,1,2,0,1,0,10,1,2018-06-26 00:00:00,0,,0,,2018-06-26 00:00:00
8,83,83001000,RIO ITAJAÍ-AÇU,23,SANTA CATARINA,23074000,INDAIAL,1,ANA,27,1,94,EPAGRI-SC,23,6,1,83520000,WARNOW,,-26.9417,-49.2897,72,9790,1,0,1,0,1,0,0,0,0,0,0,1927-10-01 00:00:00,,,,1981-05-01 00:00:00,,,,2012-01-01 00:00:00,,,,,,,,,,,,,,0,0,0,2,0,7,0,3,1,2023-06-06 00:00:00,1,,0,,2023-06-06 00:00:00
8,83,83400000,RIO BENEDITO,23,SANTA CATARINA,23050400,DOUTOR PEDRINHO,264,CERSAD,,,264,CERSAD,,1,1,83570000,PCH SALTO DONNER I DOUTOR PEDRINHO CENTRO,,-26.715,-49.4853,521,304,1,0,1,1,0,0,0,0,0,0,1,2012-12-01 00:00:00,,,,2012-12-01 00:00:00,,2012-12-01 00:00:00,,,,,,,,,,,,,,2013-02-01 00:00:00,,0,1,0,3,0,6,0,,,2016-07-26 00:00:00,1,RES. ANA/ANEEL N. 0,0,2013-05-27 00:00:00,2016-07-26 00:00:00
8,83,83400000,RIO BENEDITO,23,SANTA CATARINA,23022000,BENEDITO NOVO,264,CERSAD,,,264,CERSAD,,2,1,83600500,PCH SALTO DONNER II JUSANTE,,-26.7631,-49.4411,461,384,1,0,1,1,0,0,0,0,0,0,1,2012-12-01 00:00:00,,,,2013-02-01 00:00:00,,2013-02-01 00:00:00,,,,,,,,,,,,,,2013-02-01 00:00:00,,0,1,0,3,0,6,0,0,1,2017-07-06 00:00:00,1,RES. ANA/ANEEL N. 0,0,2013-05-27 00:00:00,2017-07-06 00:00:00
8,83,83400000,RIO BENEDITO,23,SANTA CATARINA,23022000,BENEDITO NOVO,162,CEESAM,,,162,CEESAM,,1,1,83601000,PCH ALTO BENEDITO NOVO I JUSANTE,,-26.7839,-49.4181,340,486,1,0,1,1,0,0,0,0,0,0,1,2013-02-01 00:00:00,,,,2013-02-01 00:00:00,,2013-02-01 00:00:00,,,,,,,,,,,,,,2013-02-01 00:00:00,,0,1,0,3,0,6,0,0,1,2022-07-14 00:00:00,1,RES. ANA/ANEEL N. 0,0,,2022-07-14 00:00:00
8,83,83400000,RIO BENEDITO,23,SANTA CATARINA,23022000,BENEDITO NOVO,368,COOP.STA. MARIA,,,368,COOP.STA. MARIA,,1,1,83610000,CGH ALTO BENEDITO NOVO JUSANTE,,-26.7819,-49.3972,268,588,1,0,1,1,0,0,0,0,0,0,1,2013-05-01 00:00:00,,,,2013-05-01 00:00:00,,2013-05-01 00:00:00,,,,,,,,,,,,,,2013-05-01 00:00:00,,0,1,0,3,0,6,0,0,1,2022-12-08 00:00:00,1,RES. ANA/ANEEL N. 0,0,,2022-12-08 00:00:00
8,83,83400000,RIO BENEDITO,23,SANTA CATARINA,23022000,BENEDITO NOVO,1073,SENS,,,1073,SENS,,1,1,83610500,PCH ALTO BENEDITO II JUSANTE,,-26.7758,-49.3719,148,575,1,0,1,1,0,0,0,0,0,0,1,2017-12-01 00:00:00,,,,2018-03-01 00:00:00,,2017-12-01 00:00:00,,,,,,,,,,,,,,2017-12-01 00:00:00,,0,1,0,3,0,6,0,0,1,2018-03-16 00:00:00,1,RES. ANA/ANEEL N. 0,0,2018-03-16 00:00:00,
8,83,83400600,RIO SANTA MARIA,23,SANTA CATARINA,23022000,BENEDITO NOVO,368,COOP.STA. MARIA,,,368,COOP.STA. MARIA,,2,1,83629000,PCH SANTA MARIA JUSANTE,,-26.7592,-49.4067,325,78,1,0,1,1,0,0,0,0,0,0,1,2013-05-01 00:00:00,,,,2013-05-01 00:00:00,,2013-05-01 00:00:00,,,,,,,,,,,,,,2013-05-01 00:00:00,,0,1,0,3,0,6,0,0,1,2014-02-17 00:00:00,1,RES. ANA/ANEEL N. 0,0,2014-02-14 00:00:00,2014-02-17 00:00:00
8,83,83400000,RIO BENEDITO,23,SANTA CATARINA,23022000,BENEDITO NOVO,1,ANA,27,1,94,EPAGRI-SC,23,3,1,83660000,BENEDITO NOVO,,-26.7875,-49.3642,90,717,1,0,1,0,1,0,0,0,0,0,0,1929-05-01 00:00:00,,,,1929-05-01 00:00:00,,,,2012-01-01 00:00:00,,,,,,,,,,,,,,0,0,0,3,0,7,0,3,1,2023-06-20 00:00:00,1,,0,,2023-06-20 00:00:00
8,83,83400500,RIO PALMEIRAS,23,SANTA CATARINA,23144500,RIO DOS CEDROS,15,CELESC,,,15,CELESC,,1,1,83667000,PALMEIRAS JUSANTE,,-26.6708,-49.325,227,128.94,0,0,0,0,0,0,0,0,0,0,0,2002-05-01 00:00:00,2011-12-01 00:00:00,,,2003-07-01 00:00:00,2013-12-01 00:00:00,,,,,,,,,,,,,,,2003-12-01 00:00:00,2009-05-01 00:00:00,0,1,0,3,0,6,0,0,1,2020-01-30 00:00:00,0,,0,,2020-01-30 00:00:00
8,83,83400400,RIO DOS CEDROS,23,SANTA CATARINA,23144500,RIO DOS CEDROS,15,CELESC,23,,15,CELESC,23,1,1,83671000,PCH CEDROS JUSANTE DESATIVADA,,-26.6539,-49.3497,424,213,0,0,0,0,0,0,0,0,0,0,0,2002-05-01 00:00:00,2023-02-01 00:00:00,,,2002-10-01 00:00:00,2023-02-01 00:00:00,2011-06-01 00:00:00,2023-02-01 00:00:00,,,,,,,,,,,,,2003-12-01 00:00:00,2023-02-01 00:00:00,0,1,0,3,0,6,0,0,1,2023-03-08 00:00:00,0,RES. ANA/ANEEL N. 0,0,,2023-03-08 00:00:00
8,83,83400500,RIO PALMEIRAS,23,SANTA CATARINA,23144500,RIO DOS CEDROS,15,CELESC,23,,15,CELESC,23,1,1,83674100,PCH PALMEIRAS JUSANTE,,-26.6708,-49.325,227,128.94,1,0,1,1,0,0,0,0,0,0,1,2016-05-01 00:00:00,,,,2016-05-01 00:00:00,,2016-05-01 00:00:00,,,,,,,,,,,,,,2016-03-01 00:00:00,,0,1,0,3,0,6,0,0,1,2020-01-16 00:00:00,1,RES. ANA/ANEEL N. 0,0,2020-01-16 00:00:00,2020-01-16 00:00:00
8,83,83400400,RIO DOS CEDROS,23,SANTA CATARINA,23144500,RIO DOS CEDROS,15,CELESC,23,,15,CELESC,23,1,1,83674980,PCH CEDROS JUSANTE,,-26.74,-49.2728,74,326,1,0,1,1,0,0,0,0,0,0,1,2023-01-01 00:00:00,,,,2023-01-01 00:00:00,,2023-02-01 00:00:00,,,,,,,,,,,,,,2023-01-01 00:00:00,,0,1,0,3,0,6,0,0,1,2023-03-08 00:00:00,1,RES. ANA/ANEEL N. 0,0,2023-03-08 00:00:00,2023-03-08 00:00:00
8,83,83400400,RIO DOS CEDROS,23,SANTA CATARINA,23144500,RIO DOS CEDROS,1,ANA,27,1,94,EPAGRI-SC,23,3,1,83675000,ARROZEIRA,,-26.7414,-49.2711,74,536,1,0,1,0,1,0,0,0,0,0,0,1929-04-01 00:00:00,,,,1929-04-01 00:00:00,,,,2012-01-01 00:00:00,,,,,,,,,,,,,,0,0,0,3,0,7,0,10,1,2023-06-20 00:00:00,1,,0,,2023-06-20 00:00:00
8,83,83400000,RIO BENEDITO,23,SANTA CATARINA,23179000,TIMBÓ,1,ANA,27,1,94,EPAGRI-SC,23,3,1,83677000,TIMBÓ NOVO,ANA,-26.8297,-49.2719,,1600,1,0,1,1,1,0,0,0,0,0,1,1989-09-01 00:00:00,,,,1989-09-01 00:00:00,,1998-07-01 00:00:00,,1997-04-01 00:00:00,,,,,,,,,,,,1996-05-01 00:00:00,,0,0,0,3,1,7,1,3,1,2023-06-20 00:00:00,1,TELEMÉTRICA - VAISA,0,,2023-06-20 00:00:00
8,83,83400000,RIO BENEDITO,23,SANTA CATARINA,23179000,TIMBÓ,1,ANA,27,1,1,ANA,,,1,83680000,TIMBÓ,,-26.8297,-49.2719,70,1600,0,0,0,0,0,0,0,0,0,0,0,1929-01-01 00:00:00,1989-08-01 00:00:00,,,1929-01-01 00:00:00,1989-08-01 00:00:00,,,1986-03-01 00:00:00,1998-04-01 00:00:00,,,,,,,,,,,,,0,0,0,3,0,7,0,3,1,2018-06-26 00:00:00,0,,0,,2018-06-26 00:00:00
8,83,83001000,RIO ITAJAÍ-AÇU,23,SANTA CATARINA,23074000,INDAIAL,1,ANA,27,1,94,EPAGRI-SC,23,6,1,83690000,INDAIAL,,-26.8911,-49.235,60,9850,0,0,0,0,0,0,0,0,0,0,0,1929-01-01 00:00:00,2021-12-01 00:00:00,1999-07-01 00:00:00,2002-07-01 00:00:00,1929-01-01 00:00:00,2021-12-01 00:00:00,1976-08-01 00:00:00,1998-10-01 00:00:00,2012-01-01 00:00:00,2021-12-01 00:00:00,,,,,,,,,,,1999-07-01 00:00:00,2002-02-01 00:00:00,0,0,1,2,0,7,1,3,1,2023-05-17 00:00:00,0,,0,2022-03-03 00:00:00,2023-05-17 00:00:00
8,83,83402000,RIO ENCANO,23,SANTA CATARINA,23074000,INDAIAL,15,CELESC,,,15,CELESC,,1,1,83695000,PCH SALTO RIO ENCANO,,-26.9075,-49.1942,72,,1,0,1,0,0,0,0,0,0,0,1,2016-03-01 00:00:00,,,,2016-07-01 00:00:00,,,,,,,,,,,,,,,,2016-03-01 00:00:00,,0,1,0,3,0,6,0,0,1,2019-09-23 00:00:00,1,RES. ANA/ANEEL N. 0,0,2016-06-17 00:00:00,2019-09-23 00:00:00
8,83,83403000,RIO DO TESTO,23,SANTA CATARINA,23130000,POMERODE,1,ANA,27,1,1,ANA,,,1,83720000,RIO DO TESTO,,-26.7333,-49.1756,46,129,0,0,0,0,0,0,0,0,0,0,0,1929-05-01 00:00:00,1967-08-01 00:00:00,,,1934-11-01 00:00:00,1966-08-01 00:00:00,,,,,,,,,,,,,,,,,0,0,0,3,0,7,0,0,1,2017-07-14 00:00:00,0,,0,,2017-07-14 00:00:00
8,83,83001000,RIO ITAJAÍ-AÇU,23,SANTA CATARINA,23024000,BLUMENAU,15,CELESC,,,15,CELESC,,1,1,83750000,PCH SALTO JUSANTE,,-26.8808,-49.1014,150,11700,1,0,1,1,0,0,0,0,0,0,1,2002-04-01 00:00:00,,,,2003-11-01 00:00:00,,2011-07-01 00:00:00,,,,,,,,,,,,,,2005-12-01 00:00:00,,0,1,0,3,0,6,0,0,1,2019-09-23 00:00:00,1,RES. ANA/ANEEL N. 0,0,,2019-09-23 00:00:00
8,83,83001000,RIO ITAJAÍ-AÇU,23,SANTA CATARINA,23024000,BLUMENAU,1,ANA,27,1,1,ANA,,,1,83780000,ITOUPAVA SECA,,-26.8842,-49.0858,14,12100,0,0,0,0,0,0,0,0,0,0,0,1928-04-01 00:00:00,1954-12-01 00:00:00,,,1934-11-01 00:00:00,1949-02-01 00:00:00,,,,,,,,,,,,,,,,,0,0,0,9,0,7,0,10,1,2017-07-14 00:00:00,0,,0,,2017-07-14 00:00:00
8,83,83001000,RIO ITAJAÍ-AÇU,23,SANTA CATARINA,23024000,BLUMENAU,1,ANA,27,1,94,EPAGRI-SC,23,4,1,83800002,BLUMENAU (PCD),ANA,-26.9186,-49.0656,12,11803,0,0,1,1,1,0,0,0,0,0,1,1939-05-01 00:00:00,2021-12-01 00:00:00,1984-07-01 00:00:00,2021-12-01 00:00:00,1939-05-01 00:00:00,,2002-07-01 00:00:00,,1986-04-01 00:00:00,,,,,,,,,,,,1996-05-01 00:00:00,,0,0,0,2,0,7,1,3,1,2023-06-21 00:00:00,1,TELEMÉTRICA - OTT_G,0,,2023-06-21 00:00:00
8,83,83406000,RIBEIRÃO GARCIA,23,SANTA CATARINA,23024000,BLUMENAU,1,ANA,27,1,1,ANA,,,1,83820000,GARCIA,,-26.9672,-49.0711,40,131,0,0,0,0,0,0,0,0,0,0,0,1929-04-01 00:00:00,1967-01-01 00:00:00,,,1934-11-01 00:00:00,1967-01-01 00:00:00,,,,,,,,,,,,,,,,,0,0,0,9,0,7,0,10,1,2017-07-14 00:00:00,0,,0,,2017-07-14 00:00:00
8,83,83001000,RIO ITAJAÍ-AÇU,23,SANTA CATARINA,23058000,GASPAR,1,ANA,27,1,94,EPAGRI-SC,23,3,1,83840000,GASPAR (MONTANTE ETA),,-26.9264,-48.9642,12,12141,0,0,0,0,0,0,0,0,0,0,0,1927-10-01 00:00:00,2021-12-01 00:00:00,,,1927-10-01 00:00:00,2021-12-01 00:00:00,,,1987-02-01 00:00:00,2021-12-01 00:00:00,,,,,,,,,,,,,0,0,0,2,0,7,1,3,1,2023-05-16 00:00:00,0,,0,,2023-05-16 00:00:00
8,83,83001000,RIO ITAJAÍ-AÇU,23,SANTA CATARINA,23070000,ILHOTA,1,ANA,27,1,1,ANA,,,1,83859998,ILHOTA - MONTANTE,,-26.9256,-48.8369,,12700,0,0,0,0,0,0,0,0,0,0,0,1987-12-01 00:00:00,1990-01-01 00:00:00,,,1987-12-01 00:00:00,1990-01-01 00:00:00,,,,,,,,,,,,,,,,,0,0,0,9,0,7,0,10,1,2017-07-14 00:00:00,0,,0,,2017-07-14 00:00:00
8,83,83001000,RIO ITAJAÍ-AÇU,23,SANTA CATARINA,23070000,ILHOTA,1,ANA,27,1,1,ANA,,,1,83860000,ILHOTA,,-26.9061,-48.8481,10,12700,0,0,0,0,0,0,0,0,0,0,0,1927-10-01 00:00:00,1987-12-01 00:00:00,,,1927-10-01 00:00:00,1987-12-01 00:00:00,,,1987-02-01 00:00:00,1987-11-01 00:00:00,,,,,,,,,,,,,1,0,0,9,0,7,0,10,1,2017-07-14 00:00:00,0,,0,,2017-07-14 00:00:00
8,83,83001000,RIO ITAJAÍ-AÇU,23,SANTA CATARINA,23070000,ILHOTA,1,ANA,27,1,1,ANA,,,1,83870000,ILHOTA-JUSANTE,,-26.9025,-48.8325,0,12357,0,0,0,0,0,0,0,0,0,0,0,1987-12-01 00:00:00,2007-10-01 00:00:00,,,1987-12-01 00:00:00,2011-12-01 00:00:00,,,,,,,,,,,,,,,,,1,0,0,9,0,7,0,10,1,2018-06-26 00:00:00,0,,0,,2018-06-26 00:00:00
8,83,83501000,RIO LUIZ ALVES,23,SANTA CATARINA,23098000,LUIZ ALVES,1,ANA,27,1,94,EPAGRI-SC,23,4,1,83880000,LUIZ ALVES,ANA,-26.7239,-48.9311,90,104,1,0,1,0,1,0,0,0,0,0,1,1929-04-01 00:00:00,,,,1929-04-01 00:00:00,,,,2012-01-01 00:00:00,,,,,,,,,,,,2013-08-01 00:00:00,,0,0,0,3,0,7,1,3,1,2023-06-21 00:00:00,1,TELEMÉTRICA - VAISA,0,,2023-06-21 00:00:00
8,83,83600000,RIO ITAJAÍ-MIRIM,23,SANTA CATARINA,23189000,VIDAL RAMOS,1,ANA,27,1,94,EPAGRI-SC,23,6,1,83892990,SALSEIRO,ANA,-27.33,-49.33,,286,1,0,1,0,1,0,0,0,0,0,1,1987-11-01 00:00:00,,1996-05-01 00:00:00,1998-03-01 00:00:00,1987-11-01 00:00:00,,1997-03-01 00:00:00,1998-03-01 00:00:00,1997-07-01 00:00:00,,,,,,,,,,,,1996-05-01 00:00:00,,0,0,0,3,1,7,1,3,1,2023-06-06 00:00:00,1,TELEMÉTRICA - OTT_G,0,,2023-06-06 00:00:00
8,83,83600000,RIO ITAJAÍ-MIRIM,23,SANTA CATARINA,23027000,BOTUVERÁ,1,ANA,27,1,94,EPAGRI-SC,23,3,1,83892998,BOTUVERA-MONTANTE,,-27.1972,-49.0878,79,827,1,0,1,0,1,0,0,0,0,0,0,1985-05-01 00:00:00,,,,1985-05-01 00:00:00,,,,2012-01-01 00:00:00,,,,,,,,,,,,,,1,0,0,3,0,7,0,10,1,2023-06-20 00:00:00,1,,0,,2023-06-20 00:00:00
8,83,83600000,RIO ITAJAÍ-MIRIM,23,SANTA CATARINA,23027000,BOTUVERÁ,1,ANA,27,1,1,ANA,,,1,83893000,BOTUVERA,,-27.1908,-49.0653,70,836,0,0,0,0,0,0,0,0,0,0,0,1978-01-01 00:00:00,1992-09-01 00:00:00,,,1978-01-01 00:00:00,1992-09-01 00:00:00,,,,,,,,,,,,,,,,,0,0,0,9,0,7,0,10,1,2017-07-14 00:00:00,0,,0,,2017-07-14 00:00:00
8,83,83600000,RIO ITAJAÍ-MIRIM,23,SANTA CATARINA,23029000,BRUSQUE,1,ANA,27,1,94,EPAGRI-SC,23,3,1,83900000,BRUSQUE (PCD),ANA,-27.1006,-48.9167,21,1240,1,0,1,1,1,0,0,0,0,0,1,1929-06-01 00:00:00,,1978-07-01 00:00:00,2021-12-01 00:00:00,1929-06-01 00:00:00,,1976-05-01 00:00:00,,1976-05-01 00:00:00,,,,,,,,,,,,1996-05-01 00:00:00,,1,0,1,3,1,7,1,3,1,2023-06-20 00:00:00,1,TELEMÉTRICA - OTT_G,0,,2023-06-20 00:00:00
8,84,84121000,RIO PEQUENO,23,SANTA CATARINA,23009000,ANGELINA,15,CELESC,,,15,CELESC,,,1,84005000,FOZ DO RIO PEQUENO,,-27.5319,-49.0092,214,310,0,0,0,0,0,0,0,0,0,0,0,2002-04-01 00:00:00,2009-05-01 00:00:00,,,2002-04-01 00:00:00,2009-02-01 00:00:00,,,,,,,,,,,,,,,,,0,1,0,3,0,6,0,0,1,2017-07-05 00:00:00,0,,0,,2017-07-05 00:00:00
8,84,84120000,RIO GARCIA,23,SANTA CATARINA,23009000,ANGELINA,15,CELESC,,,15,CELESC,,1,1,84016000,PCH GARCIA JUSANTE,,-27.5197,-49.0064,256,315,1,0,1,1,0,0,0,0,0,0,1,2002-04-01 00:00:00,,,,2002-04-01 00:00:00,,2016-03-01 00:00:00,,,,,,,,,,,,,,2016-03-01 00:00:00,,0,1,0,3,0,6,0,0,1,2017-09-08 00:00:00,1,RES. ANA/ANEEL N. 0,0,,2017-09-08 00:00:00
8,84,84111000,RIO DO ENGANO,23,SANTA CATARINA,23009000,ANGELINA,626,SANTA ANA,,,626,SANTA ANA,,1,1,84018000,PCH SANTA ANA JUSANTE,,-27.4886,-49.0019,,319,1,0,1,1,0,0,0,0,0,0,1,2009-12-01 00:00:00,,,,2009-12-01 00:00:00,,2011-07-01 00:00:00,,,,,,,,,,,,,,2010-08-01 00:00:00,,0,1,0,3,0,6,0,0,1,2014-07-18 00:00:00,1,RES. ANA/ANEEL N. 0,0,2010-10-21 00:00:00,2014-07-18 00:00:00
8,84,84120000,RIO GARCIA,23,SANTA CATARINA,23009000,ANGELINA,1,ANA,27,1,1,ANA,,,1,84020000,GARCIA DE SÃO JOSÉ,,-27.4808,-48.9803,210,354,0,0,0,0,0,0,0,0,0,0,0,1941-12-01 00:00:00,1967-01-01 00:00:00,,,1941-12-01 00:00:00,1967-01-01 00:00:00,,,,,,,,,,,,,,,,,0,0,0,3,0,7,0,0,1,2016-03-31 00:00:00,0,,0,,2016-03-31 00:00:00
8,84,84110000,RIO TIJUCAS,23,SANTA CATARINA,23009000,ANGELINA,583,LUMBRÁS,23,,583,LUMBRÁS,23,1,1,84022000,PCH ANGELINA MONTANTE,,-27.4783,-48.9761,191,741,1,0,1,1,0,0,0,0,0,0,1,2009-12-01 00:00:00,,,,2009-12-01 00:00:00,,2011-07-01 00:00:00,,,,,,,,,,,,,,2010-08-01 00:00:00,,0,1,0,2,0,6,0,0,1,2020-06-30 00:00:00,1,RES. ANA/ANEEL N. 0,0,2010-10-21 00:00:00,2020-06-30 00:00:00
8,84,84110000,RIO TIJUCAS,23,SANTA CATARINA,23100000,MAJOR GERCINO,583,LUMBRÁS,,,583,LUMBRÁS,,1,1,84030000,PCH ANGELINA JUSANTE,,-27.4167,-48.9544,39,819,1,0,1,1,0,0,0,0,0,0,1,2009-12-01 00:00:00,,,,2009-12-01 00:00:00,,2011-07-01 00:00:00,,,,,,,,,,,,,,2010-08-01 00:00:00,,0,1,0,3,0,6,0,0,1,2014-05-30 00:00:00,1,RES. ANA/ANEEL N. 0,0,2010-10-21 00:00:00,2014-05-30 00:00:00
8,84,84133000,RIO BOA ESPERANÇA,23,SANTA CATARINA,23100000,MAJOR GERCINO,781,SÃO SEBASTIÃO,,,781,SÃO SEBASTIÃO,,1,1,84034000,PCH SÃO SEBASTIÃO MONTANTE,,-27.4017,-49.0461,476,145,1,0,1,1,0,0,0,0,0,0,1,2015-01-01 00:00:00,,,,2015-01-01 00:00:00,,2015-01-01 00:00:00,,,,,,,,,,,,,,2015-01-01 00:00:00,,0,1,0,3,0,6,0,0,1,2015-06-18 00:00:00,1,RES. ANA/ANEEL N. 0,0,2015-06-18 00:00:00,2015-06-18 00:00:00
8,84,84133000,RIO BOA ESPERANÇA,23,SANTA CATARINA,23100000,MAJOR GERCINO,1,ANA,27,1,1,ANA,,,1,84041000,FAZENDA BOA ESPERANÇA,,-27.3925,-48.9994,140,166,0,0,0,0,0,0,0,0,0,0,0,1947-06-01 00:00:00,1967-01-01 00:00:00,,,1947-06-01 00:00:00,1961-01-01 00:00:00,,,,,,,,,,,,,,,,,0,0,0,3,0,7,0,0,1,2016-03-31 00:00:00,0,,0,,2016-03-31 00:00:00
8,84,84110000,RIO TIJUCAS,23,SANTA CATARINA,23100000,MAJOR GERCINO,1,ANA,27,1,94,EPAGRI-SC,23,3,1,84071000,MAJOR GERCINO,,-27.4142,-48.9528,38,1042,1,0,1,0,1,0,0,0,0,0,0,1944-06-01 00:00:00,,,,1944-06-01 00:00:00,,,,2012-01-01 00:00:00,,,,,,,,,,,,,,0,0,0,3,0,7,0,10,1,2023-06-20 00:00:00,1,,0,,2023-06-20 00:00:00
8,84,84140100,RIO ALTO BRAÇO,23,SANTA CATARINA,23113000,NOVA TRENTO,521,PCH AGUTI,,,521,PCH AGUTI,,1,1,84074000,CGH AGUTI MONTANTE,,-27.32,-49.1217,206,395,1,0,1,1,1,0,0,0,0,0,1,2015-03-01 00:00:00,,,,2015-03-01 00:00:00,,2015-03-01 00:00:00,,2015-03-01 00:00:00,,,,,,,,,,,,2015-03-01 00:00:00,,0,1,0,3,0,6,0,3,1,2019-03-22 00:00:00,1,RES. ANA/ANEEL N. 0,0,2015-07-30 00:00:00,2019-03-22 00:00:00
8,84,84140100,RIO ALTO BRAÇO,23,SANTA CATARINA,23113000,NOVA TRENTO,524,PCH VALENTIN,,,524,PCH VALENTIN,,1,1,84079000,CGH SÃO VALENTIM JUSANTE 1,,-27.2967,-48.9703,35,522,1,0,1,1,0,0,0,0,0,0,1,2015-03-01 00:00:00,,,,2015-03-01 00:00:00,,2015-03-01 00:00:00,,,,,,,,,,,,,,2015-03-01 00:00:00,,0,1,0,3,0,6,0,0,1,2019-03-22 00:00:00,1,RES. ANA/ANEEL N. 0,0,2015-07-30 00:00:00,2019-03-22 00:00:00
8,84,84140100,RIO ALTO BRAÇO,23,SANTA CATARINA,23113000,NOVA TRENTO,1,ANA,27,1,94,EPAGRI-SC,23,3,1,84095000,NOVA TRENTO,,-27.2861,-48.9336,35,598,0,0,0,0,0,0,0,0,0,0,0,1944-06-01 00:00:00,2021-12-01 00:00:00,,,1944-06-01 00:00:00,2021-12-01 00:00:00,1997-03-01 00:00:00,2021-12-01 00:00:00,1977-05-01 00:00:00,2021-12-01 00:00:00,,,,,,,,,,,,,0,0,0,9,0,7,0,10,1,2023-05-16 00:00:00,0,,0,,2023-05-16 00:00:00
8,84,84110000,RIO TIJUCAS,23,SANTA CATARINA,23161000,SÃO JOÃO BATISTA,1,ANA,27,1,94,EPAGRI-SC,23,3,1,84095500,SÃO JOÃO BATISTA,ANA,-27.275,-48.85,14,1964,0,0,1,1,1,0,0,0,0,0,1,1982-01-01 00:00:00,2021-12-01 00:00:00,,,1982-01-01 00:00:00,,1982-01-01 00:00:00,,1982-01-01 00:00:00,,,,,,,,,,,,2015-04-01 00:00:00,,0,0,0,3,0,7,1,3,1,2023-06-20 00:00:00,1,TELEMÉTRICA - VAISA,0,,2023-06-20 00:00:00
8,84,84207000,RIO CUBATÃO,23,SANTA CATARINA,23006000,ÁGUAS MORNAS,94,EPAGRI-SC,,,94,EPAGRI-SC,,,1,84098000,ALTO CUBATÃO,EPAGRI,-27.7481,-48.9306,243,88.9,1,0,1,1,1,0,0,0,0,0,1,2005-08-01 00:00:00,,,,2005-08-01 00:00:00,,2005-08-01 00:00:00,,2005-08-01 00:00:00,,,,,,,,,,,,2005-08-01 00:00:00,,0,0,0,3,0,7,0,3,1,2011-06-03 00:00:00,1,TELEMÉTRICA,1,,2011-06-03 00:00:00
8,84,84207000,RIO CUBATÃO,23,SANTA CATARINA,23155500,SANTO AMARO DA IMPE,1,ANA,27,1,94,EPAGRI-SC,23,2,1,84100000,POÇO FUNDO,,-27.7044,-48.8033,59,400,1,0,1,1,1,0,0,0,0,0,1,1950-08-01 00:00:00,,,,1950-08-01 00:00:00,,1977-01-01 00:00:00,,1977-01-01 00:00:00,,,,,,,,,,,,2013-11-01 00:00:00,,0,0,0,2,0,7,1,3,1,2023-05-25 00:00:00,1,TELEMÉTRICA - VAISA,0,2022-03-03 00:00:00,2023-05-25 00:00:00
8,84,84100100,RIO DO BRAÇO,23,SANTA CATARINA,23032000,CAMBORIÚ,693,EMASA,23,1,693,EMASA,23,1,1,84110000,BRAÇO,,-27.0239,-48.7044,,,1,0,1,0,0,0,0,0,0,0,1,2022-05-01 00:00:00,,,,2022-05-01 00:00:00,,,,,,,,,,,,,,,,2022-05-01 00:00:00,,0,0,0,3,0,7,0,0,1,2022-10-14 00:00:00,1,TELEMÉTRICA,0,2022-10-14 00:00:00,
8,84,84207000,RIO CUBATÃO,23,SANTA CATARINA,23155500,SANTO AMARO DA IMPE,1,ANA,27,1,1,ANA,,,1,84150000,SANTO AMARO OU CAMBIRELA,,-27.6833,-48.7833,20,444,0,0,0,0,0,0,0,0,0,0,0,1942-05-01 00:00:00,1950-08-01 00:00:00,,,1942-05-01 00:00:00,1950-08-01 00:00:00,,,,,,,,,,,,,,,,,0,0,0,9,0,7,0,10,1,2017-07-05 00:00:00,0,,0,,2017-07-05 00:00:00
8,84,84207000,RIO CUBATÃO,23,SANTA CATARINA,23117000,PALHOÇA,1,ANA,27,1,94,EPAGRI-SC,23,2,1,84150100,ETA CASAN-MONTANTE,,-27.6925,-48.7097,10,522,1,0,1,0,1,0,0,0,0,0,1,1988-01-01 00:00:00,,,,1988-01-01 00:00:00,,,,2012-01-01 00:00:00,,,,,,,,,,,,2015-04-01 00:00:00,,0,0,0,9,0,7,1,10,1,2023-05-25 00:00:00,1,TELEMÉTRICA - VAISA,0,,2023-05-25 00:00:00
8,84,84207300,RIO VARGEM DO BRAÇO,23,SANTA CATARINA,23155500,SANTO AMARO DA IMPE,117,CASAN,,,117,CASAN,,,1,84207000,VARGEM DO BRAÇO,,-27.7583,-48.7903,295,110,0,1,1,0,0,0,0,0,0,0,0,,,2012-06-01 00:00:00,,2012-06-01 00:00:00,,,,,,,,,,,,,,,,,,0,0,0,0,0,1,0,0,2,2016-08-17 00:00:00,1,,0,2016-08-18 00:00:00,
8,84,84302000,RIO POVOAMENTO,23,SANTA CATARINA,23011000,ANITÁPOLIS,1,ANA,27,1,1,ANA,,,1,84500000,POVOAMENTO,,-27.8989,-49.1297,400,139,0,0,0,0,0,0,0,0,0,0,0,1942-05-01 00:00:00,1967-03-01 00:00:00,,,1942-05-01 00:00:00,1967-03-01 00:00:00,,,,,,,,,,,,,,,,,0,0,0,3,0,7,0,10,1,2017-07-06 00:00:00,0,,0,,2017-07-06 00:00:00
8,84,84350000,RIO BRAÇO DO NORTE,23,SANTA CATARINA,23011000,ANITÁPOLIS,372,JELU,,,372,JELU,,1,1,84511000,CGH VARGINHA JELU JUSANTE,,-27.9867,-49.1064,339,369,1,0,1,1,0,0,0,0,0,0,1,2011-11-01 00:00:00,,,,2011-11-01 00:00:00,,2011-11-01 00:00:00,,,,,,,,,,,,,,2011-12-01 00:00:00,,0,1,0,3,0,6,0,0,1,2016-08-16 00:00:00,1,RES. ANA/ANEEL N. 0,0,2013-05-17 00:00:00,2016-08-16 00:00:00
8,84,84350000,RIO BRAÇO DO NORTE,23,SANTA CATARINA,23011000,ANITÁPOLIS,1,ANA,27,1,94,EPAGRI-SC,23,2,1,84520000,DIVISA DE ANITÁPOLIS,,-27.9956,-49.1161,300,380,1,0,1,0,1,0,0,0,0,0,0,1944-06-01 00:00:00,,,,1944-06-01 00:00:00,,,,2012-01-01 00:00:00,,,,,,,,,,,,,,0,0,0,3,0,7,0,10,1,2023-05-25 00:00:00,1,,0,2022-03-03 00:00:00,2023-05-25 00:00:00
